lemma,aspect,nonpast,past,inf,imper,gerund,partcp.act.past,partcp.act.nonpast,partcp.pass.past,partcp.pass.nonpast,rel_usage
анализировать,ipf,15,2,26,1,14,0,0,0,15,73
арестовать,pf,52,99,11,2,2,1,0,78,0,245
белеть,ipf,14,44,3,0,1,2,7,0,0,71
беспокоить,ipf,48,39,19,1,0,0,4,0,0,111
беспокоиться,ipf,40,28,32,58,5,0,0,0,0,163
бить,ipf,178,247,127,33,3,11,13,22,0,634
биться,ipf,41,74,17,3,0,0,0,0,0,135
благодарить,ipf,98,27,20,5,4,0,0,0,0,154
болтать,ipf,21,56,14,2,6,2,1,0,0,102
бормотать,ipf,39,108,11,0,32,0,2,0,0,192
бояться,ipf,592,503,96,106,92,0,0,0,0,1389
бродить,ipf,44,113,16,0,4,7,2,0,0,186
бросать,ipf,76,91,47,23,15,1,9,0,0,262
бросаться,ipf,37,36,8,0,4,0,0,0,0,85
бросить,pf,69,433,127,113,23,10,0,124,0,899
броситься,pf,12,214,19,1,1,0,0,0,0,247
будить,ipf,13,25,20,8,2,1,0,0,0,69
валить,ipf,20,24,13,6,0,1,0,0,0,64
валять,ipf,5,3,9,32,1,0,0,0,0,50
варить,ipf,36,51,48,7,2,1,1,1,0,147
ввести,pf,29,79,90,6,6,0,0,64,0,274
вводить,ipf,49,18,28,0,6,1,1,0,5,108
вглядываться,ipf,8,36,7,0,33,0,0,0,0,84
везти,ipf,120,90,23,5,0,0,3,1,0,242
верить,ipf,470,292,196,36,27,5,4,0,0,1030
вериться,ipf,29,22,0,0,0,0,0,0,0,51
вертеть,ipf,20,34,11,4,7,0,0,0,0,76
веселиться,ipf,16,25,13,1,5,0,0,0,0,60
вести,ipf,413,480,246,32,10,6,84,2,4,1277
вешать,ipf,19,16,17,7,3,0,0,0,0,62
взвесить,pf,2,9,8,3,4,0,0,24,0,50
взволновать,pf,8,11,0,0,1,1,0,52,0,73
взглянуть,pf,21,281,75,37,39,1,0,0,0,454
вздохнуть,pf,15,449,16,1,22,0,0,0,0,503
вздрагивать,ipf,15,66,1,0,7,1,5,0,0,95
вздрогнуть,pf,5,111,3,0,5,1,0,0,0,125
вздыхать,ipf,38,52,8,0,9,1,1,0,0,109
взлететь,pf,6,47,6,0,2,2,0,0,0,63
взойти,pf,7,38,3,1,2,4,0,0,0,55
взорвать,pf,9,31,12,0,0,2,0,10,0,64
взорваться,pf,5,52,9,0,0,2,0,0,0,68
видать,ipf,3,64,49,0,0,12,0,11,0,139
видеть,ipf,1851,1927,425,1,105,21,10,11,38,4389
видеться,ipf,40,81,12,0,0,0,0,0,0,133
вкладывать,ipf,15,11,27,3,8,0,0,0,1,65
включать,ipf,154,42,42,5,1,6,70,0,4,324
включаться,ipf,40,6,9,0,0,0,0,0,0,55
включить,pf,39,106,46,8,10,2,0,97,0,308
влезть,pf,11,59,13,2,1,0,0,0,0,86
влечь,ipf,43,19,0,0,0,0,6,0,3,71
влиять,ipf,76,17,22,0,2,3,16,0,0,136
вложить,pf,14,47,20,3,2,3,0,31,0,120
влюбить,pf,9,4,0,0,0,0,0,62,0,75
влюбиться,pf,3,95,10,0,2,0,0,0,0,110
вмешаться,pf,6,53,19,0,0,0,0,0,0,78
вмешиваться,ipf,20,32,33,3,1,0,0,0,0,89
внести,pf,28,108,69,2,3,0,0,42,0,252
вносить,ipf,41,19,29,1,4,0,2,0,5,101
внушать,ipf,25,49,6,2,2,0,4,0,4,92
возбудить,pf,16,21,12,0,1,0,0,68,0,118
возвратиться,pf,7,38,10,4,8,0,0,0,0,67
возвращать,ipf,40,18,10,0,6,0,2,0,1,77
возвращаться,ipf,183,216,86,21,57,0,0,0,0,563
возвышаться,ipf,14,34,2,0,1,0,0,0,0,51
возглавить,pf,14,35,22,0,2,3,0,5,0,81
возглавлять,ipf,33,40,1,0,1,9,6,0,17,107
возить,ipf,32,63,34,4,0,2,0,0,1,136
возмутить,pf,7,12,1,0,0,0,0,36,0,56
возмутиться,pf,2,79,5,0,1,0,0,0,0,87
возмущаться,ipf,20,39,7,0,2,0,0,0,0,68
возникать,ipf,335,159,14,3,2,5,64,0,0,582
возникнуть,pf,53,409,42,2,6,119,0,0,0,631
возражать,ipf,53,61,33,1,2,1,2,0,0,153
возразить,pf,8,121,31,0,0,0,0,0,0,160
возрастать,ipf,52,17,5,0,1,0,20,0,0,95
возрасти,pf,14,52,4,0,0,22,0,0,0,92
войти,pf,93,798,105,21,43,36,0,0,0,1096
волновать,ipf,57,71,14,0,0,5,10,0,1,158
волноваться,ipf,77,114,50,55,29,0,0,0,0,325
воображать,ipf,21,8,6,0,6,1,2,0,39,83
вообразить,pf,5,21,49,29,2,1,0,1,0,108
воплотить,pf,3,2,20,0,0,2,0,25,0,52
ворваться,pf,4,46,1,0,2,0,0,0,0,53
воровать,ipf,31,27,27,5,1,1,0,3,0,95
воскликнуть,pf,11,342,8,0,2,0,0,0,0,363
восклицать,ipf,13,34,3,0,1,1,0,0,0,52
воспитать,pf,8,16,12,0,2,6,0,42,0,86
воспитывать,ipf,29,41,30,0,5,0,1,0,1,107
воспользоваться,pf,17,39,78,5,26,0,0,0,0,165
воспринимать,ipf,75,44,35,1,3,1,16,0,16,191
воспринять,pf,27,44,9,0,1,1,0,9,0,91
восстанавливать,ipf,27,10,17,0,4,0,2,0,2,62
восстановить,pf,23,29,83,2,3,0,0,18,0,158
восхищаться,ipf,15,49,16,0,7,0,0,0,0,87
впадать,ipf,24,25,6,1,7,0,2,0,0,65
врать,ipf,123,21,35,6,0,0,0,0,0,185
вручить,pf,14,52,9,0,3,1,0,6,0,85
вскакивать,ipf,15,27,0,0,10,0,0,0,0,52
вскинуть,pf,2,43,0,0,5,0,0,5,0,55
вскочить,pf,5,204,16,1,6,1,0,0,0,233
вскрикнуть,pf,2,86,3,0,0,0,0,0,0,91
всматриваться,ipf,11,27,7,0,8,0,0,0,0,53
вспоминать,ipf,239,276,133,8,78,0,5,0,2,741
вспоминаться,ipf,51,41,1,0,0,0,0,0,0,93
вспомнить,pf,86,624,207,83,46,1,0,0,0,1047
вспомниться,pf,3,88,0,0,0,0,0,0,0,91
вспыхивать,ipf,16,51,3,0,4,1,6,0,0,81
вспыхнуть,pf,13,83,3,0,0,9,0,0,0,108
вставать,ipf,123,115,66,58,28,0,3,0,0,393
вставить,pf,13,49,23,1,2,0,0,13,0,101
встать,pf,66,753,126,23,18,9,0,0,0,995
встретить,pf,96,299,99,3,24,3,0,18,0,542
встретиться,pf,61,231,105,6,11,0,0,0,0,414
встречать,ipf,94,158,50,4,20,10,15,0,4,355
встречаться,ipf,250,173,66,1,18,0,0,0,0,508
вступать,ipf,87,30,42,1,7,0,9,0,0,176
вступить,pf,14,114,53,2,7,7,0,0,0,197
входить,ipf,327,166,32,9,31,15,96,0,0,676
вцепиться,pf,2,49,7,0,12,0,0,0,0,70
выбежать,pf,3,57,0,0,1,0,0,0,0,61
выбирать,ipf,97,64,101,16,31,1,3,0,5,318
выбираться,ipf,30,21,17,1,5,0,0,0,0,74
выбить,pf,11,26,11,1,1,1,0,41,0,92
выбрасывать,ipf,24,18,14,2,6,1,1,0,3,69
выбрать,pf,53,195,94,10,14,3,0,83,0,452
выбраться,pf,6,68,50,0,7,0,0,0,0,131
выбросить,pf,13,56,27,5,2,0,0,25,0,128
вывезти,pf,6,33,19,1,0,1,0,22,0,82
вывернуть,pf,4,29,4,1,3,1,0,20,0,62
вывести,pf,35,99,58,2,1,1,0,35,0,231
выводить,ipf,41,40,23,0,2,1,4,0,1,112
выглядеть,ipf,236,370,53,0,1,5,1,0,0,666
выглядеть,pf,61,1,1,0,0,0,0,0,0,63
выглядывать,ipf,21,31,3,0,7,2,2,0,0,66
выглянуть,pf,4,50,2,0,5,0,0,0,0,61
выгнать,pf,28,80,20,0,1,1,0,14,0,144
выговорить,pf,2,55,9,0,1,0,0,0,0,67
выдавать,ipf,71,78,45,1,7,6,9,0,8,225
выдать,pf,49,93,53,4,3,3,0,43,0,248
выдвигать,ipf,18,12,10,0,3,2,1,0,7,53
выдвинуть,pf,11,67,15,1,3,2,0,18,0,117
выделить,pf,33,55,76,4,7,3,0,116,0,294
выделять,ipf,31,22,21,2,6,0,3,0,12,97
выделяться,ipf,52,54,11,1,0,0,0,0,0,118
выдержать,pf,46,138,39,0,16,3,0,15,0,257
выдерживать,ipf,34,18,7,0,0,0,0,0,0,59
выдумать,pf,9,55,12,0,0,1,0,35,0,112
выезжать,ipf,19,24,20,1,6,4,4,0,0,78
выехать,pf,8,79,29,0,4,7,0,0,0,127
выжить,pf,8,41,49,0,1,8,0,0,0,107
вызвать,pf,120,350,125,13,10,14,0,127,0,759
вызывать,ipf,279,258,51,4,19,13,32,0,13,669
выиграть,pf,32,128,75,1,10,9,0,14,0,269
выигрывать,ipf,29,28,11,0,1,0,1,0,0,70
выйти,pf,255,1693,207,22,58,90,0,0,0,2325
выкинуть,pf,16,27,18,12,1,0,0,2,0,76
выключить,pf,13,36,12,8,1,0,0,17,0,87
выкрикивать,ipf,8,30,5,0,9,0,0,0,1,53
вылезать,ipf,23,26,11,5,8,3,5,0,0,81
вылезти,pf,14,106,10,0,0,6,0,0,0,136
вылетать,ipf,24,17,1,2,3,0,5,0,0,52
вылететь,pf,13,80,11,0,4,4,0,0,0,112
выложить,pf,15,41,26,3,7,0,0,16,0,108
вымыть,pf,10,39,24,8,3,0,0,28,0,112
вынести,pf,26,101,55,3,1,2,0,28,0,216
вынимать,ipf,35,26,11,4,9,0,1,0,0,86
выносить,ipf,46,59,29,3,4,0,1,0,2,144
вынудить,pf,38,19,1,0,0,0,0,134,0,192
вынуть,pf,7,276,21,9,11,1,0,14,0,339
выпадать,ipf,22,16,4,0,1,0,9,0,0,52
выпасть,pf,9,75,1,1,0,27,0,0,0,113
выпивать,ipf,26,54,27,1,1,0,5,0,0,114
выписать,pf,19,29,10,2,2,0,0,20,0,82
выписывать,ipf,25,23,10,1,3,0,4,0,1,67
выпить,pf,110,294,179,65,31,16,0,24,0,719
выполнить,pf,46,73,91,4,4,2,0,90,0,310
выполнять,ipf,141,64,94,8,15,8,27,0,24,381
выполняться,ipf,56,15,4,0,0,0,0,0,0,75
выпрямиться,pf,0,56,1,0,5,0,0,0,0,62
выпускать,ipf,65,44,39,1,28,2,7,0,17,203
выпустить,pf,45,127,40,2,4,2,0,51,0,271
выработать,pf,5,17,20,1,0,0,0,14,0,57
выражать,ipf,55,75,20,2,11,5,21,0,1,190
выражаться,ipf,52,37,26,0,16,0,0,0,0,131
выразить,pf,17,71,79,3,4,5,0,48,0,227
выразиться,pf,3,69,28,0,0,0,0,0,0,100
вырастать,ipf,49,25,2,0,3,1,7,0,0,87
вырасти,pf,57,252,20,0,1,45,0,0,0,375
вырастить,pf,5,22,16,0,0,1,0,16,0,60
выращивать,ipf,15,13,14,0,2,0,2,0,4,50
вырвать,pf,14,52,17,1,1,0,0,16,0,101
вырваться,pf,7,84,45,0,5,0,0,0,0,141
вырезать,pf,6,17,9,4,0,0,0,22,0,58
выругаться,pf,2,65,5,0,0,0,0,0,0,72
выручить,pf,9,23,18,1,0,0,0,8,0,59
высказать,pf,20,87,35,0,6,1,0,39,0,188
высказаться,pf,5,52,20,3,0,0,0,0,0,80
высказывать,ipf,17,25,9,0,2,1,0,0,0,54
выскочить,pf,10,159,21,0,7,8,0,0,0,205
выслушать,pf,5,55,23,7,34,0,0,2,0,126
выставить,pf,34,53,29,0,19,1,0,35,0,171
выставлять,ipf,19,14,9,0,7,0,1,0,1,51
выстрелить,pf,6,37,7,0,2,0,0,1,0,53
выстроить,pf,10,14,26,0,2,0,0,28,0,80
выступать,ipf,187,238,80,0,29,30,48,0,0,612
выступить,pf,45,182,106,0,7,10,0,0,0,350
вытаскивать,ipf,15,20,14,0,12,0,2,0,0,63
вытащить,pf,17,174,27,4,4,0,0,5,0,231
вытекать,ipf,28,9,2,0,1,1,16,0,0,57
вытереть,pf,2,58,11,5,2,0,0,3,0,81
вытирать,ipf,13,32,17,1,30,3,1,0,1,98
вытягивать,ipf,15,13,7,0,15,0,0,0,0,50
вытянуть,pf,3,47,17,1,32,0,0,32,0,132
вытянуться,pf,2,52,1,0,5,0,0,0,0,60
выучить,pf,7,38,14,2,0,1,0,8,0,70
выходить,ipf,475,397,116,43,54,20,61,0,0,1166
вычислить,pf,1,12,16,10,2,1,0,8,0,50
выявить,pf,14,23,37,1,0,1,0,49,0,125
выяснить,pf,20,62,102,4,2,0,0,10,0,200
выясниться,pf,20,273,0,0,0,0,0,0,0,293
выяснять,ipf,21,14,31,1,4,0,0,0,0,71
вязать,ipf,16,16,17,4,0,0,1,1,0,55
гадать,ipf,12,22,30,2,2,0,0,0,0,68
гаснуть,ipf,20,29,3,0,0,1,5,0,0,58
гибнуть,ipf,36,12,1,0,0,0,7,0,0,56
гладить,ipf,21,53,26,0,11,0,1,0,0,112
глотать,ipf,21,13,16,0,10,0,1,0,1,62
глядеть,ipf,157,299,71,75,569,10,17,0,0,1198
гнать,ipf,80,74,30,31,4,1,3,0,1,224
голосовать,ipf,21,20,31,7,3,2,7,0,0,91
гореть,ipf,143,207,22,10,2,11,82,0,0,477
готовить,ipf,124,125,103,3,9,3,1,0,0,368
готовиться,ipf,98,136,42,4,31,0,0,0,0,311
грабить,ipf,21,23,10,3,0,0,0,0,0,57
греметь,ipf,33,53,6,2,12,5,9,0,0,120
греть,ipf,17,23,8,0,1,0,2,1,0,52
греться,ipf,15,18,14,4,0,0,0,0,0,51
грозить,ipf,77,58,8,0,8,2,5,0,0,158
грызть,ipf,17,25,15,2,0,0,4,0,0,63
гудеть,ipf,37,61,10,0,3,4,18,0,0,133
гулять,ipf,89,96,107,14,14,2,19,0,0,341
давать,ipf,787,500,187,204,89,10,55,0,3,1835
даваться,ipf,85,48,0,0,0,0,0,0,0,133
давить,ipf,45,44,24,6,2,3,1,0,0,125
дарить,ipf,38,49,20,3,0,1,0,0,1,112
дать,pf,509,1052,462,396,41,21,0,189,0,2670
деваться,ipf,14,5,34,0,0,0,0,0,0,53
действовать,ipf,244,156,144,16,12,15,134,0,0,721
делать,ipf,1084,720,1239,85,88,10,23,1,2,3252
делаться,ipf,240,129,11,0,4,0,0,0,0,384
делить,ipf,46,28,28,0,6,2,1,1,1,113
делиться,ipf,52,57,37,2,3,0,0,0,0,151
демонстрировать,ipf,65,38,12,0,19,1,8,0,3,146
деться,pf,48,38,26,0,0,0,0,0,0,112
диктовать,ipf,25,23,11,1,1,0,2,0,0,63
длиться,ipf,43,89,6,0,0,0,0,0,0,138
добавить,pf,41,345,127,25,12,1,0,30,0,581
добавлять,ipf,59,29,18,0,9,0,2,0,2,119
добиваться,ipf,38,31,35,3,11,0,0,0,0,118
добираться,ipf,17,28,20,1,1,0,0,0,0,67
добиться,pf,49,114,139,1,8,0,0,0,0,311
добраться,pf,37,108,75,1,5,0,0,0,0,226
добывать,ipf,20,22,20,5,1,1,20,0,5,94
добыть,pf,8,23,22,3,4,0,0,30,0,90
доверить,pf,5,31,17,1,2,0,0,12,0,68
доверять,ipf,63,47,50,3,10,0,3,0,0,176
довести,pf,15,53,70,1,5,3,0,22,0,169
довестись,pf,6,51,0,2,0,0,0,0,0,59
доводить,ipf,15,15,10,3,12,0,0,0,0,55
догадаться,pf,33,214,34,12,4,0,0,0,0,297
догадываться,ipf,74,109,19,0,19,0,0,0,0,221
догнать,pf,15,42,24,2,2,0,0,0,0,85
договариваться,ipf,15,28,15,2,1,0,0,0,0,61
договориться,pf,27,142,48,10,9,0,0,0,0,236
догонять,ipf,17,13,17,2,7,0,1,0,0,57
доехать,pf,14,39,17,1,3,0,0,0,0,74
дожить,pf,15,24,23,2,6,0,0,0,0,70
дойти,pf,83,310,54,1,29,11,0,0,0,488
доказать,pf,31,62,141,9,7,4,0,54,0,308
доказывать,ipf,46,50,41,1,8,1,1,0,2,150
докладывать,ipf,24,34,6,4,2,1,1,0,0,72
доложить,pf,16,72,29,10,0,1,0,2,0,130
донести,pf,13,44,13,0,0,0,0,0,0,70
доносить,ipf,10,24,15,0,0,1,1,0,0,51
доноситься,ipf,20,81,0,0,0,0,0,0,0,101
допрашивать,ipf,14,54,11,1,2,0,0,0,0,82
допускать,ipf,74,42,29,1,8,4,12,0,2,172
допустить,pf,79,37,75,112,1,7,0,31,0,342
доставать,ipf,52,61,14,2,10,0,1,0,0,140
доставаться,ipf,33,24,1,0,0,0,0,0,0,58
доставить,pf,37,46,47,3,1,0,0,26,0,160
доставлять,ipf,37,28,13,1,2,0,2,0,1,84
достать,pf,45,294,92,5,6,2,0,1,0,445
достаться,pf,34,157,1,0,0,0,0,0,0,192
достигать,ipf,89,32,21,0,7,0,10,0,5,164
достигнуть,pf,55,169,19,0,22,20,0,33,0,318
дотронуться,pf,2,43,5,1,1,0,0,0,0,52
доходить,ipf,93,86,9,0,7,5,7,0,0,207
драться,ipf,33,57,60,2,0,0,0,0,0,152
думать,ipf,1717,1589,524,91,132,2,17,0,0,4072
думаться,ipf,39,29,0,0,0,0,0,0,0,68
дуть,ipf,38,55,5,6,3,0,2,1,0,110
душить,ipf,24,19,6,1,1,2,1,0,0,54
дымить,ipf,14,24,4,0,3,4,8,0,0,57
есть,ipf,250,313,317,58,1,0,0,0,0,939
жалеть,ipf,103,121,58,8,31,1,1,0,0,323
жаловаться,ipf,80,108,65,0,7,0,0,0,0,260
жарить,ipf,11,20,17,1,0,2,0,3,0,54
жать,ipf,29,20,7,4,0,0,0,0,0,60
желать,ipf,204,99,22,1,139,8,90,0,0,563
жениться,ipf,19,21,36,8,1,0,0,0,0,85
жениться,pf,32,128,58,4,3,0,0,0,0,225
жечь,ipf,28,47,11,7,0,1,1,0,0,95
жрать,ipf,15,10,25,5,0,1,1,0,0,57
забивать,ipf,11,19,12,3,3,2,1,0,0,51
забирать,ipf,31,34,22,16,6,1,0,0,0,110
забить,pf,22,64,13,2,2,7,0,46,0,156
заболеть,pf,17,153,15,1,3,13,0,0,0,202
заботиться,ipf,40,28,30,0,13,0,0,0,0,111
забрать,pf,48,144,55,13,6,2,0,7,0,275
забраться,pf,5,54,11,0,10,0,0,0,0,80
забросить,pf,5,31,3,2,1,0,0,43,0,85
забывать,ipf,89,77,65,34,29,2,4,0,1,301
забыть,pf,135,589,162,72,63,11,0,87,0,1119
забыться,pf,12,31,8,0,3,0,0,0,0,54
завалить,pf,16,22,4,0,2,4,0,33,0,81
заверить,pf,3,32,6,2,0,0,0,7,0,50
завернуть,pf,11,41,13,5,6,0,0,43,0,119
завершать,ipf,18,5,2,0,7,0,20,0,0,52
завершить,pf,14,24,23,0,3,6,0,29,0,99
завершиться,pf,11,60,1,0,0,0,0,0,0,72
завести,pf,23,101,39,8,1,0,0,37,0,209
завидовать,ipf,39,45,14,1,7,0,0,0,1,107
заводить,ipf,17,39,16,3,5,0,0,0,1,81
завоевать,pf,7,27,24,1,4,5,0,19,0,87
завтракать,ipf,6,24,20,0,3,0,0,0,0,53
завязать,pf,5,18,7,2,0,2,0,25,0,59
заглядывать,ipf,33,63,19,3,21,1,2,0,0,142
заглянуть,pf,19,136,45,13,12,3,0,0,0,228
загнать,pf,17,31,10,1,2,1,0,10,0,72
заговорить,pf,33,398,28,1,2,0,0,4,0,466
задавать,ipf,58,80,38,4,5,1,5,0,8,199
задаваться,ipf,33,11,9,0,2,0,0,0,0,55
задать,pf,33,90,44,4,2,2,0,51,0,226
задержать,pf,32,55,21,4,1,0,0,52,0,165
задержаться,pf,15,41,8,4,0,0,0,0,0,68
задерживаться,ipf,16,22,9,2,9,0,0,0,0,58
задеть,pf,4,53,12,0,7,0,0,11,0,87
задрать,pf,0,20,3,0,20,3,0,7,0,53
задумать,pf,9,64,1,0,0,0,0,51,0,125
задуматься,pf,12,148,45,3,17,0,0,0,0,225
задумываться,ipf,29,62,27,0,23,0,0,0,0,141
задыхаться,ipf,14,21,10,0,40,0,0,0,0,85
заехать,pf,20,30,14,0,4,2,0,0,0,70
зажать,pf,13,31,4,0,15,0,0,32,0,95
зажечь,pf,7,56,11,3,0,1,0,22,0,100
заиграть,pf,8,51,2,0,0,0,0,1,0,62
заинтересовать,pf,15,23,15,0,0,2,0,71,0,126
заинтересоваться,pf,4,52,2,3,3,0,0,0,0,64
зайти,pf,99,284,83,39,14,5,0,0,0,524
заказать,pf,17,67,33,1,2,1,0,21,0,142
заказывать,ipf,18,37,11,4,1,0,1,0,1,73
заканчивать,ipf,24,41,9,3,23,1,1,0,0,102
заканчиваться,ipf,59,39,0,0,1,0,0,0,0,99
заключать,ipf,25,19,20,0,5,1,2,0,11,83
заключаться,ipf,169,107,6,0,0,0,0,0,0,282
заключить,pf,21,72,33,2,5,3,0,96,0,232
закончить,pf,41,160,54,2,28,9,0,57,0,351
закончиться,pf,39,130,6,0,0,0,0,0,0,175
закрепить,pf,6,12,31,0,3,1,0,37,0,90
закреплять,ipf,36,5,6,0,3,1,3,0,1,55
закрывать,ipf,49,54,20,6,19,9,11,0,2,170
закрыть,pf,66,241,68,21,38,0,0,151,0,585
закрыться,pf,6,46,4,0,5,0,0,0,0,61
закурить,pf,14,99,41,3,3,1,0,0,0,161
закусить,pf,7,31,12,2,8,0,0,2,0,62
залезть,pf,7,54,13,2,1,0,0,0,0,77
залить,pf,10,26,21,2,0,2,0,55,0,116
заложить,pf,14,49,20,1,18,3,0,86,0,191
заменить,pf,29,51,80,2,8,4,0,13,0,187
заменять,ipf,29,21,12,0,2,5,5,0,0,74
замереть,pf,2,134,8,1,2,12,0,0,0,159
замерзнуть,pf,13,30,7,0,0,34,0,0,0,84
заметить,pf,99,766,133,82,67,1,0,32,0,1180
замечать,ipf,147,205,46,1,57,2,1,0,3,462
замирать,ipf,27,35,1,0,10,1,4,0,0,78
замкнуть,pf,3,9,0,0,2,1,0,108,0,123
замолчать,pf,4,158,16,21,1,1,0,0,0,201
занести,pf,14,47,7,0,1,0,0,26,0,95
занимать,ipf,197,191,28,4,8,15,22,0,25,490
заниматься,ipf,358,366,251,11,25,0,0,0,0,1011
занять,pf,72,150,79,3,12,11,0,149,0,476
заняться,pf,43,70,81,7,2,0,0,0,0,203
запереть,pf,23,56,4,3,2,0,0,63,0,151
запеть,pf,19,103,5,0,0,0,0,1,0,128
записать,pf,57,123,68,16,6,0,0,91,0,361
записывать,ipf,40,66,43,7,3,0,1,0,0,160
запланировать,pf,7,8,0,0,0,0,0,46,0,61
заплатить,pf,48,45,59,6,5,0,0,3,0,166
заподозрить,pf,8,23,13,0,6,0,0,1,0,51
заполнить,pf,28,37,38,3,4,4,0,77,0,191
заполнять,ipf,32,27,13,0,7,6,11,0,1,97
запомнить,pf,19,118,44,40,3,1,0,1,0,226
запомниться,pf,5,128,1,0,0,1,0,0,0,135
запретить,pf,30,65,30,1,5,1,0,109,0,241
запрещать,ipf,20,25,10,1,4,3,10,0,0,73
запустить,pf,9,42,11,1,6,1,0,29,0,99
запутаться,pf,7,35,7,0,3,0,0,0,0,52
зарабатывать,ipf,49,45,47,1,3,1,4,0,4,154
заработать,pf,42,81,61,2,4,1,0,38,0,229
зарасти,pf,2,24,2,0,0,44,0,0,0,72
зарегистрировать,pf,14,13,9,0,0,0,0,56,0,92
зарядить,pf,2,11,8,0,0,0,0,54,0,75
заслуживать,ipf,58,20,0,1,1,1,19,0,0,100
заслужить,pf,10,57,10,0,3,2,0,93,0,175
заснуть,pf,24,130,55,1,2,1,0,0,0,213
заставить,pf,59,197,96,4,6,11,0,28,0,401
заставлять,ipf,120,134,20,4,24,7,12,0,0,321
застать,pf,12,92,5,0,2,1,0,0,0,112
застраховать,pf,5,2,7,0,1,1,0,70,0,86
застрелить,pf,21,28,11,0,0,1,0,13,0,74
застрять,pf,7,35,3,0,2,11,0,0,0,58
застыть,pf,4,62,7,0,1,14,0,0,0,88
засунуть,pf,7,47,10,1,20,1,0,6,0,92
засыпать,ipf,43,53,23,5,13,1,1,0,0,139
затеять,pf,6,53,5,1,0,5,0,7,0,77
затихнуть,pf,4,54,0,0,0,6,0,0,0,64
затянуть,pf,9,29,14,1,2,2,0,22,0,79
затянуться,pf,6,47,7,0,4,0,0,0,0,64
зафиксировать,pf,16,11,6,4,2,0,0,43,0,82
захватить,pf,19,83,28,4,13,6,0,39,0,192
захватывать,ipf,29,13,9,0,6,0,13,0,0,70
заходить,ipf,86,137,24,55,8,3,7,0,0,320
защитить,pf,24,35,55,1,2,1,0,41,0,159
защищать,ipf,74,61,62,4,18,3,7,0,0,229
заявить,pf,22,451,51,1,13,11,0,32,0,581
заявлять,ipf,50,36,9,0,8,1,3,0,1,108
звать,ipf,315,370,70,29,0,2,5,1,0,792
звенеть,ipf,25,52,5,1,6,3,6,0,0,98
звонить,ipf,161,297,109,51,2,1,1,0,0,622
звучать,ipf,171,212,20,0,2,8,10,0,0,423
здороваться,ipf,21,29,20,0,11,0,0,0,0,81
злиться,ipf,22,20,8,5,5,0,0,0,0,60
знакомиться,ipf,21,20,29,17,5,0,0,0,0,92
играть,ipf,533,578,381,13,33,20,38,1,0,1597
идти,ipf,1793,2023,570,580,58,55,154,0,0,5233
избавить,pf,17,16,17,6,0,0,0,4,0,60
избавиться,pf,9,11,86,0,1,0,0,0,0,107
избегать,ipf,18,44,29,5,11,1,1,0,0,109
избежать,pf,2,23,94,0,3,3,0,0,0,125
избить,pf,10,26,8,1,0,0,0,12,0,57
избрать,pf,25,39,9,2,5,7,0,46,0,133
извинить,pf,1,0,10,263,0,0,0,0,0,274
извиняться,ipf,43,18,9,0,6,0,0,0,0,76
извлечь,pf,14,37,21,1,0,0,0,1,0,74
изготовить,pf,14,12,23,0,2,1,0,66,0,118
издавать,ipf,21,25,7,0,16,2,3,0,6,80
издать,pf,16,41,11,1,3,0,0,43,0,115
изложить,pf,9,36,16,0,0,0,0,66,0,127
изменить,pf,40,108,155,1,10,7,0,48,0,369
измениться,pf,126,323,26,0,1,0,0,0,0,476
изменять,ipf,25,14,20,2,9,1,3,0,0,74
изменяться,ipf,47,7,12,0,1,0,0,0,0,67
измерить,pf,3,17,20,0,7,0,0,18,0,65
изображать,ipf,28,49,19,1,18,10,18,0,6,149
изобразить,pf,26,39,21,8,4,1,0,52,0,151
изобрести,pf,10,45,13,1,1,0,0,20,0,90
изучать,ipf,55,73,65,3,14,4,13,0,28,255
изучить,pf,11,47,32,0,5,1,0,72,0,168
именовать,ipf,18,5,8,0,4,0,3,0,39,77
интересоваться,ipf,96,84,34,0,4,0,0,0,0,218
исключать,ipf,46,16,14,0,4,1,9,0,0,90
исключить,pf,12,24,32,1,2,0,0,119,0,190
исполнить,pf,28,53,48,0,4,0,0,28,0,161
исполниться,pf,16,90,0,0,1,0,0,0,0,107
исполнять,ipf,49,79,56,5,19,12,44,0,10,274
исполняться,ipf,32,19,3,0,0,0,0,0,0,54
испортить,pf,22,26,21,0,0,0,0,31,0,100
исправить,pf,20,16,50,4,0,0,0,10,0,100
испугаться,pf,12,199,8,0,17,0,0,0,0,236
испытать,pf,8,88,31,1,5,5,0,14,0,152
испытывать,ipf,116,188,36,0,31,1,6,0,5,383
исходить,ipf,42,62,19,0,110,7,31,0,0,271
исчезать,ipf,103,105,15,1,2,0,8,0,0,234
исчезнуть,pf,55,388,29,2,1,30,0,0,0,505
казаться,ipf,843,1859,57,0,0,0,0,0,0,2759
касаться,ipf,446,101,27,1,26,0,0,0,0,601
каяться,ipf,17,10,33,1,1,0,0,0,0,62
кипеть,ipf,29,35,3,0,1,0,31,0,0,99
кланяться,ipf,5,29,18,3,9,0,0,0,0,64
класть,ipf,113,67,34,18,3,0,2,0,0,237
клясться,ipf,51,18,2,0,1,0,0,0,0,72
колебаться,ipf,38,43,7,0,17,0,0,0,0,105
командовать,ipf,26,62,21,0,1,4,12,0,0,126
комментировать,ipf,22,11,15,0,10,0,1,0,3,62
контролировать,ipf,52,13,55,1,6,1,15,0,8,151
кончать,ipf,41,38,30,32,5,1,0,0,0,147
кончаться,ipf,70,79,1,0,1,0,1,0,0,152
кончить,pf,40,131,22,6,6,7,0,37,0,249
кончиться,pf,115,371,19,0,0,0,0,0,0,505
копать,ipf,22,31,45,5,1,1,0,0,0,105
копаться,ipf,15,20,13,2,1,0,0,0,0,51
кормить,ipf,81,94,104,15,0,3,9,5,0,311
коснуться,pf,15,86,26,0,7,0,0,0,0,134
красить,ipf,17,14,11,2,1,2,0,14,0,61
краснеть,ipf,21,30,8,0,7,0,1,0,0,67
кричать,ipf,346,446,106,26,14,5,9,0,0,952
крутить,ipf,47,61,24,22,9,1,1,0,1,166
крутиться,ipf,30,20,6,3,1,0,0,0,0,60
купаться,ipf,22,35,57,0,2,0,0,0,0,116
купить,pf,129,317,259,38,8,4,0,77,0,832
курить,ipf,143,173,123,22,3,6,9,0,0,479
кушать,ipf,22,12,49,33,0,0,1,0,0,117
лаять,ipf,21,18,9,0,1,0,3,0,0,52
лгать,ipf,31,25,20,1,0,0,4,0,0,81
лететь,ipf,179,135,32,22,1,3,46,0,0,418
лечить,ipf,42,23,61,3,0,5,13,0,0,147
лечиться,ipf,18,25,25,7,0,0,0,0,0,75
лечь,pf,45,277,59,7,0,1,0,0,0,389
лить,ipf,27,15,3,4,0,0,1,3,0,53
лишать,ipf,21,17,10,1,6,0,1,0,1,57
лишить,pf,21,45,28,1,7,0,0,105,0,207
лишиться,pf,15,47,15,0,7,0,0,0,0,84
ложиться,ipf,72,81,27,29,12,0,0,0,0,221
ломать,ipf,43,51,47,5,12,1,3,0,1,163
любоваться,ipf,22,27,15,2,20,0,0,0,0,86
менять,ipf,88,72,129,2,45,2,3,0,0,341
меняться,ipf,149,115,39,2,1,0,0,0,0,306
мешать,ipf,191,209,37,24,14,6,14,0,0,495
молиться,ipf,43,63,60,10,2,0,0,0,0,178
морщиться,ipf,11,18,1,4,25,0,0,0,0,59
мучить,ipf,42,84,22,5,0,4,2,0,2,161
мучиться,ipf,31,54,12,6,7,0,0,0,0,110
мыть,ipf,48,72,62,12,3,1,2,9,0,209
мыться,ipf,10,28,16,4,1,0,0,0,0,59
набирать,ipf,27,38,15,2,24,2,6,0,0,114
набить,pf,18,24,10,3,2,3,0,71,0,131
набрать,pf,28,93,25,3,6,12,0,14,0,181
набраться,pf,9,37,13,2,1,0,0,0,0,62
навести,pf,11,38,25,0,1,0,0,8,0,83
навещать,ipf,6,29,13,0,2,6,1,0,0,57
наводить,ipf,21,21,16,0,5,1,3,0,2,69
нагнуться,pf,4,45,4,4,14,0,0,0,0,71
наградить,pf,12,22,6,0,2,0,0,25,0,67
надевать,ipf,45,53,21,4,4,0,1,0,1,129
наделить,pf,6,19,4,0,0,0,0,53,0,82
надеть,pf,26,159,48,9,28,1,0,16,0,287
надеяться,ipf,327,126,64,7,42,0,0,0,0,566
надоесть,pf,17,169,5,0,0,18,0,0,0,209
нажать,pf,6,64,16,3,1,1,0,5,0,96
нажимать,ipf,19,6,10,2,12,1,1,0,1,52
назвать,pf,120,372,245,34,17,6,0,130,0,924
назначать,ipf,24,22,12,0,1,0,1,0,6,66
назначить,pf,74,115,23,4,2,1,0,147,0,366
называть,ipf,393,437,144,7,29,11,5,0,392,1418
называться,ipf,385,227,23,0,0,0,0,0,0,635
найти,pf,331,863,514,43,29,19,0,105,0,1904
найтись,pf,88,165,5,0,0,0,0,0,0,258
наказать,pf,20,21,13,0,3,0,0,12,0,69
накинуть,pf,2,26,5,2,4,0,0,11,0,50
накладывать,ipf,36,8,5,0,4,0,1,0,2,56
наклонить,pf,2,28,2,1,16,0,0,12,0,61
наклониться,pf,1,137,2,2,21,0,0,0,0,163
накопить,pf,4,8,7,1,2,0,0,60,0,82
накормить,pf,17,24,23,4,0,0,0,7,0,75
накрыть,pf,26,49,18,1,4,0,0,40,0,138
наладить,pf,16,16,36,1,0,0,0,25,0,94
налететь,pf,13,41,1,0,3,4,0,0,0,62
наливать,ipf,31,25,1,6,6,0,2,0,1,72
налить,pf,16,134,20,13,2,0,0,32,0,217
наложить,pf,6,33,13,3,1,1,0,14,0,71
намекать,ipf,30,32,2,0,13,1,2,0,0,80
наметить,pf,5,17,5,0,1,0,0,62,0,90
нанести,pf,18,39,41,16,1,1,0,35,0,151
наносить,ipf,70,17,9,1,7,0,1,0,1,106
нападать,ipf,14,17,9,0,0,5,6,0,0,51
напасть,pf,8,40,17,1,0,4,0,0,0,70
напевать,ipf,13,27,4,0,17,0,1,0,0,62
напечатать,pf,46,31,15,1,0,1,0,47,0,141
написать,pf,259,576,215,72,11,8,0,405,0,1546
напиться,pf,16,35,17,0,6,0,0,0,0,74
наплевать,pf,7,3,68,2,1,0,0,0,0,81
наполнить,pf,12,19,17,2,5,1,0,73,0,129
наполнять,ipf,13,27,5,0,6,2,4,0,0,57
напоминать,ipf,182,186,22,1,18,25,64,0,0,498
напомнить,pf,61,99,54,36,7,4,0,0,0,261
направить,pf,51,71,39,1,0,1,0,208,0,371
направиться,pf,1,104,4,0,0,0,0,0,0,109
направлять,ipf,18,15,22,2,5,1,10,0,10,83
направляться,ipf,26,21,0,0,9,0,0,0,0,56
напугать,pf,9,23,11,1,2,0,0,23,0,69
нарастать,ipf,21,20,5,0,3,1,24,0,0,74
нарезать,pf,2,10,10,0,0,0,0,30,0,52
нарисовать,pf,22,29,24,4,2,0,0,60,0,141
нарушать,ipf,36,14,24,2,14,1,12,0,3,106
нарушить,pf,24,50,26,1,3,4,0,32,0,140
наслаждаться,ipf,12,29,13,5,17,0,0,0,0,76
настаивать,ipf,46,87,23,0,9,0,1,0,0,166
настать,pf,8,81,0,0,0,0,0,0,0,89
настроить,pf,15,5,5,1,1,0,0,46,0,73
наступать,ipf,88,51,8,2,5,11,22,0,0,187
наступить,pf,43,240,19,0,3,28,0,0,0,333
натягивать,ipf,16,19,5,2,15,0,0,0,0,57
натянуть,pf,15,31,7,2,7,1,0,38,0,101
научить,pf,36,84,35,7,1,2,0,11,0,176
научиться,pf,18,158,72,7,4,0,0,0,0,259
нахмуриться,pf,1,87,0,0,5,0,0,0,0,93
находить,ipf,190,153,45,0,24,2,2,0,1,417
находиться,ipf,663,386,51,0,45,0,0,0,0,1145
начать,pf,305,1359,206,36,15,16,0,47,0,1984
начаться,pf,105,712,20,0,4,0,0,0,0,841
начинать,ipf,674,418,95,29,173,11,17,0,0,1417
начинаться,ipf,245,193,3,0,1,0,0,0,0,442
нащупать,pf,6,49,12,0,1,0,0,2,0,70
нести,ipf,213,188,53,16,27,2,26,0,0,525
нестись,ipf,43,53,7,0,1,0,0,0,0,104
ночевать,ipf,26,55,60,3,3,0,0,0,0,147
нравиться,ipf,428,336,30,0,0,0,0,0,0,794
обвести,pf,3,29,3,0,3,0,0,15,0,53
обвинить,pf,10,42,18,0,3,2,0,8,0,83
обвинять,ipf,46,28,22,2,7,1,1,0,8,115
обедать,ipf,19,77,64,0,2,3,2,0,0,167
обернуться,pf,25,199,22,2,23,0,0,0,0,271
обеспечивать,ipf,145,24,33,0,11,0,65,0,1,279
обеспечить,pf,46,30,141,3,1,1,0,63,0,285
обещать,ipf,100,199,11,6,7,11,13,16,0,363
обещать,pf,5,75,2,1,0,2,0,31,0,116
обидеть,pf,14,50,42,0,2,1,0,48,0,157
обидеться,pf,21,119,3,0,5,0,0,0,0,148
обижать,ipf,22,20,19,7,1,2,1,0,1,73
обижаться,ipf,34,36,27,28,2,0,0,0,0,127
облегчить,pf,11,6,22,0,0,0,0,11,0,50
обмануть,pf,35,62,49,1,0,3,0,19,0,169
обманывать,ipf,26,16,22,2,2,0,1,0,0,69
обнажить,pf,0,14,4,0,8,5,0,21,0,52
обнаруживать,ipf,59,25,5,0,5,0,2,0,0,96
обнаружить,pf,63,282,69,1,24,4,0,110,0,553
обнаружиться,pf,8,55,1,0,0,0,0,0,0,64
обнимать,ipf,21,37,13,0,22,0,2,0,0,95
обнять,pf,5,147,35,0,16,2,0,1,0,206
обняться,pf,0,26,1,1,29,0,0,0,0,57
обозначать,ipf,25,13,8,0,1,4,13,0,7,71
обозначить,pf,10,27,13,9,4,0,0,50,0,113
обойти,pf,11,73,36,1,10,1,0,3,0,135
обойтись,pf,92,92,88,1,0,0,0,0,0,273
оборачиваться,ipf,30,23,3,1,34,0,0,0,0,91
оборвать,pf,3,34,11,0,2,0,0,20,0,70
оборваться,pf,10,56,4,0,1,0,0,0,0,71
обрабатывать,ipf,23,7,13,1,1,0,12,0,9,66
обработать,pf,4,8,14,3,2,0,0,23,0,54
обрадовать,pf,1,22,7,0,0,0,0,24,0,54
обрадоваться,pf,9,231,5,0,5,0,0,0,0,250
образовать,ipf,88,0,0,0,9,0,23,0,3,123
образовать,pf,6,15,8,0,2,2,0,55,1,89
образоваться,pf,80,79,3,0,0,0,0,0,0,162
образовывать,ipf,28,10,2,0,12,0,0,0,0,52
обратить,pf,25,140,66,45,6,4,0,74,0,360
обратиться,pf,19,257,109,21,5,0,0,0,0,411
обращать,ipf,66,94,32,17,40,2,1,0,1,253
обращаться,ipf,124,113,95,8,88,0,0,0,0,428
обрести,pf,10,66,22,0,5,2,0,8,0,113
обречь,pf,10,8,1,0,0,0,0,58,0,77
обрушиться,pf,6,47,8,0,1,0,0,0,0,62
обслуживать,ipf,28,17,17,0,2,3,18,0,4,89
обсудить,pf,14,34,40,5,2,2,0,7,0,104
обсуждать,ipf,46,92,70,0,13,3,0,0,14,238
обусловить,pf,14,9,0,0,0,3,0,111,0,137
обучать,ipf,6,14,11,0,0,1,16,0,14,62
обхватить,pf,1,47,6,0,14,3,0,0,0,71
обходить,ipf,14,28,15,3,12,1,2,0,0,75
обходиться,ipf,51,31,16,0,1,0,0,0,0,99
объединить,pf,11,19,17,0,6,3,0,72,0,128
объединять,ipf,40,14,6,1,2,1,23,0,0,87
объявить,pf,69,279,29,2,4,5,0,50,0,438
объявлять,ipf,51,27,12,1,3,0,2,0,1,97
объяснить,pf,92,305,326,62,4,3,0,2,0,794
объяснять,ipf,128,143,123,3,21,4,18,0,2,442
объясняться,ipf,88,32,11,1,0,0,0,0,0,132
обязать,pf,12,14,9,0,2,1,0,154,0,192
овладеть,pf,2,44,16,0,3,0,0,0,0,65
оглядеть,pf,0,76,4,0,17,0,0,0,0,97
оглядеться,pf,0,58,6,0,6,0,0,0,0,70
оглядывать,ipf,9,30,4,0,27,1,1,0,0,72
оглядываться,ipf,27,50,15,2,64,0,0,0,0,158
оглянуться,pf,10,189,19,3,23,0,0,0,0,244
ограничивать,ipf,30,6,14,1,1,1,5,0,0,58
ограничиваться,ipf,39,21,13,0,5,0,0,0,0,78
ограничить,pf,14,5,27,1,1,0,0,60,0,108
ограничиться,pf,17,25,10,3,4,0,0,0,0,59
одеваться,ipf,14,37,40,7,7,0,0,0,0,105
одеть,pf,9,11,9,4,0,0,0,135,0,168
одеться,pf,9,63,23,5,5,0,0,0,0,105
одобрить,pf,18,45,3,0,1,0,0,20,0,87
одолеть,pf,5,27,33,0,6,1,0,1,0,73
оживать,ipf,26,13,7,0,1,0,3,0,0,50
оживиться,pf,3,60,0,0,3,0,0,0,0,66
ожить,pf,13,44,7,0,1,7,0,0,0,72
означать,ipf,261,81,19,0,0,5,8,0,0,374
оказать,pf,13,56,48,3,1,2,0,18,0,141
оказаться,pf,153,1901,113,4,28,0,0,0,0,2199
оказывать,ipf,75,39,41,1,6,2,14,0,11,189
оказываться,ipf,596,103,3,0,5,0,0,0,0,707
окликнуть,pf,6,58,5,0,0,0,0,0,0,69
окончить,pf,7,111,10,1,17,11,0,23,0,180
окружать,ipf,29,41,7,2,1,25,57,0,0,162
окружить,pf,14,49,10,0,1,5,0,108,0,187
опаздывать,ipf,20,20,6,4,3,0,1,0,0,54
опереться,pf,3,17,11,0,26,0,0,0,0,57
опираться,ipf,41,16,15,0,47,0,0,0,0,119
описать,pf,27,50,49,13,2,2,0,155,0,298
описывать,ipf,46,25,37,0,12,0,38,0,16,174
оплатить,pf,15,9,24,0,0,1,0,6,0,55
оплачивать,ipf,18,9,11,1,2,0,0,0,14,55
опоздать,pf,14,60,12,3,5,4,0,0,0,98
опомниться,pf,7,50,18,7,9,0,0,0,0,91
оправдать,pf,15,25,35,1,0,0,0,34,0,110
оправдывать,ipf,26,22,7,0,9,1,4,0,0,69
оправдываться,ipf,7,32,19,1,7,0,0,0,0,66
определить,pf,45,126,217,99,9,12,0,139,0,647
определиться,pf,9,32,17,1,0,1,0,0,0,60
определять,ipf,188,51,54,2,11,5,80,0,27,418
определяться,ipf,217,39,4,0,1,0,0,0,0,261
опрокинуть,pf,1,26,6,0,5,1,0,14,0,53
опросить,pf,3,5,0,1,0,0,0,43,0,52
опубликовать,pf,51,43,17,0,1,2,0,96,0,210
опускать,ipf,38,35,4,0,15,0,0,0,0,92
опускаться,ipf,35,44,6,0,12,0,0,0,0,97
опустеть,pf,2,33,1,0,0,26,0,0,0,62
опустить,pf,12,168,20,19,51,4,0,46,0,320
опуститься,pf,10,128,10,1,7,0,0,0,0,156
организовать,ipf,32,1,8,1,0,0,7,0,2,51
организовать,pf,40,63,78,1,0,2,0,55,0,239
ориентировать,ipf,9,0,2,1,2,0,1,35,0,50
осветить,pf,15,40,9,0,2,0,0,105,0,171
освещать,ipf,19,34,4,0,8,2,5,0,2,74
освободить,pf,31,56,51,8,6,3,0,50,0,205
освободиться,pf,15,42,30,0,5,0,0,0,0,92
освобождать,ipf,29,14,11,1,8,0,5,0,1,69
освоить,pf,12,19,10,0,3,2,0,9,0,55
осесть,pf,2,40,6,0,0,13,0,0,0,61
оскорбить,pf,4,18,10,0,0,1,0,43,0,76
осматривать,ipf,8,23,12,1,7,0,0,0,0,51
осмотреть,pf,8,60,22,0,9,0,0,1,0,100
основать,pf,10,17,0,0,1,3,0,139,0,170
осознавать,ipf,25,13,6,1,9,1,1,0,1,57
осознать,pf,1,63,27,0,10,4,0,3,0,108
оставаться,ipf,645,612,119,19,57,0,0,0,0,1452
оставить,pf,99,363,217,108,92,16,0,58,0,953
оставлять,ipf,117,107,54,16,56,6,9,0,1,366
останавливать,ipf,31,29,9,0,9,0,4,0,0,82
останавливаться,ipf,77,98,21,5,43,0,0,0,0,244
остановить,pf,35,145,92,16,1,5,0,7,0,301
остановиться,pf,50,636,101,21,13,0,0,0,0,821
остаться,pf,335,1414,165,4,33,0,0,0,0,1951
осудить,pf,25,37,20,1,2,3,0,52,0,140
осуждать,ipf,34,24,14,4,5,1,11,0,0,93
осуществить,pf,16,19,75,0,1,2,0,20,0,133
осуществлять,ipf,59,15,66,0,8,0,52,0,17,217
осуществляться,ipf,157,25,11,0,0,0,0,0,0,193
отбирать,ipf,27,28,7,1,6,2,1,0,0,72
отбить,pf,4,23,16,0,2,1,0,13,0,59
отбросить,pf,5,46,7,3,8,2,0,7,0,78
отвезти,pf,15,54,23,2,0,1,0,1,0,96
отвергнуть,pf,10,30,2,0,3,2,0,27,0,74
отвернуться,pf,15,134,11,8,18,0,0,0,0,186
отвести,pf,30,104,40,3,3,0,0,42,0,222
ответить,pf,147,1947,272,16,6,3,0,0,0,2391
отвечать,ipf,514,393,157,28,51,7,34,0,0,1184
отводить,ipf,25,26,3,0,14,0,3,0,0,71
отдавать,ipf,125,88,70,14,29,1,6,0,2,335
отдать,pf,153,303,173,52,13,4,0,39,0,737
отделаться,pf,4,16,35,0,2,0,0,0,0,57
отделить,pf,7,10,26,1,2,1,0,18,0,65
отделять,ipf,23,17,6,0,3,8,14,0,0,71
отдохнуть,pf,39,24,93,22,9,7,0,0,0,194
отдыхать,ipf,57,63,65,22,6,8,13,0,0,234
отзываться,ipf,29,38,4,2,3,0,0,0,0,76
отказать,pf,37,41,56,2,0,2,0,12,0,150
отказаться,pf,69,314,136,4,18,0,0,0,0,541
отказывать,ipf,11,27,13,2,7,0,1,0,0,61
отказываться,ipf,90,82,36,3,11,0,0,0,0,222
откинуть,pf,4,29,3,0,14,1,0,17,0,68
откинуться,pf,1,50,0,0,15,0,0,0,0,66
откладывать,ipf,20,25,13,2,8,1,0,0,0,69
откликнуться,pf,5,64,5,0,0,0,0,0,0,74
открывать,ipf,118,67,57,11,47,7,12,0,2,321
открываться,ipf,74,68,7,2,1,0,0,0,0,152
открыть,pf,136,548,134,45,28,24,0,223,0,1138
открыться,pf,38,205,10,1,1,0,0,0,0,255
отличать,ipf,31,27,12,0,2,2,6,0,0,80
отличаться,ipf,245,127,11,0,5,0,0,0,0,388
отличить,pf,8,7,39,0,0,0,0,2,0,56
отложить,pf,10,47,39,3,13,0,0,13,0,125
отмахнуться,pf,3,68,5,1,0,0,0,0,0,77
отменить,pf,15,40,46,2,2,0,0,24,0,129
отметить,pf,62,187,202,36,4,2,0,101,0,594
отмечать,ipf,92,70,24,1,20,2,3,0,1,213
отмечаться,ipf,44,38,3,0,0,0,0,0,0,85
отнести,pf,30,51,64,8,0,0,0,16,0,169
отнестись,pf,12,55,22,3,0,0,0,0,0,92
отнимать,ipf,29,13,7,1,9,1,2,0,1,63
относить,ipf,34,15,11,0,1,0,3,0,5,69
относиться,ipf,415,197,84,2,5,0,0,0,0,703
отнять,pf,28,60,40,2,2,1,0,11,0,144
отобрать,pf,17,80,24,0,1,1,0,26,0,149
отодвинуть,pf,3,48,11,0,3,0,0,7,0,72
отозваться,pf,8,129,8,3,1,0,0,0,0,149
отойти,pf,28,200,26,27,10,6,0,0,0,297
оторвать,pf,20,51,30,4,2,0,0,33,0,140
оторваться,pf,6,43,27,0,6,0,0,0,0,82
отправить,pf,55,119,59,2,5,2,0,26,0,268
отправиться,pf,16,223,47,4,2,0,0,0,0,292
отправлять,ipf,36,42,18,2,5,0,3,0,3,109
отправляться,ipf,54,55,8,6,9,0,0,0,0,132
отпускать,ipf,41,57,26,1,14,0,1,0,0,140
отпустить,pf,48,141,41,12,3,2,0,33,0,280
отработать,pf,9,13,7,0,2,5,0,33,0,69
отравить,pf,3,24,7,0,1,1,0,29,0,65
отражать,ipf,69,24,2,0,6,3,27,0,2,133
отражаться,ipf,40,36,1,0,8,0,0,0,0,85
отразить,pf,7,13,7,2,2,1,0,54,0,86
отразиться,pf,16,39,3,0,2,0,0,0,0,60
отрезать,pf,7,77,9,3,1,0,0,12,0,109
отрывать,ipf,16,10,5,6,25,1,0,0,1,64
отрываться,ipf,7,8,3,3,46,0,0,0,0,67
отставать,ipf,28,19,17,1,10,0,11,0,0,86
отстаивать,ipf,8,9,25,0,7,0,4,0,0,53
отстать,pf,9,48,11,17,3,12,0,0,0,100
отстранить,pf,8,20,10,0,5,0,0,12,0,55
отступать,ipf,25,30,20,1,14,2,4,0,0,96
отступить,pf,0,63,15,1,3,2,0,0,0,84
отходить,ipf,36,38,11,7,14,3,4,0,0,113
отыскать,pf,12,35,48,1,1,0,0,2,0,99
оформить,pf,30,18,34,1,0,1,0,37,0,121
оформлять,ipf,12,16,19,1,1,1,2,0,1,53
охватить,pf,20,123,17,2,2,23,0,46,0,233
охватывать,ipf,37,39,4,0,2,1,17,0,1,101
охранять,ipf,22,20,16,3,3,5,6,0,25,100
оценивать,ipf,59,30,35,1,11,1,5,0,12,154
оценить,pf,35,97,115,4,8,0,0,21,0,280
очистить,pf,5,13,31,3,1,0,0,32,0,85
ошибаться,ipf,86,35,10,0,2,0,0,0,0,133
ошибиться,pf,12,108,23,0,0,0,0,0,0,143
ощутить,pf,6,157,30,0,7,1,0,0,0,201
ощущать,ipf,60,159,30,0,42,0,2,0,8,301
падать,ipf,155,181,32,2,18,7,44,0,0,439
парить,ipf,12,20,5,0,0,0,14,0,0,51
перебивать,ipf,9,11,9,8,26,0,1,0,0,64
перебирать,ipf,18,43,17,0,33,2,2,0,0,115
перебить,pf,13,103,7,0,6,1,0,7,0,137
перебраться,pf,4,36,22,0,3,0,0,0,0,65
перевести,pf,25,157,83,6,5,1,0,33,0,310
переводить,ipf,45,46,29,3,23,0,2,0,9,157
переглянуться,pf,1,50,1,0,0,0,0,0,0,52
передавать,ipf,78,81,47,7,8,1,9,0,2,233
передаваться,ipf,46,21,4,0,3,0,0,0,0,74
передать,pf,85,167,204,50,8,1,0,34,0,549
переезжать,ipf,18,15,14,1,1,0,1,0,0,50
переехать,pf,15,94,27,0,4,3,0,0,0,143
переживать,ipf,81,96,25,18,11,1,4,0,4,240
пережить,pf,27,98,53,0,10,18,0,23,0,229
перейти,pf,49,224,90,7,13,14,0,2,0,399
перенести,pf,18,60,48,1,3,9,0,14,0,153
переносить,ipf,36,27,25,0,3,0,2,0,4,97
пересекать,ipf,16,22,6,0,8,1,5,0,1,59
пересечь,pf,6,58,9,0,0,1,0,9,0,83
переспросить,pf,1,99,0,0,0,0,0,0,0,100
переставать,ipf,64,37,1,0,23,3,0,0,0,128
перестать,pf,61,381,25,70,6,2,0,0,0,545
переступить,pf,2,21,17,0,11,0,0,0,0,51
переть,ipf,31,18,1,1,0,0,3,0,0,54
перехватить,pf,4,40,10,0,3,0,0,7,0,64
переходить,ipf,107,56,30,2,30,0,20,0,0,245
перечислить,pf,13,15,22,4,2,1,0,53,0,110
перечитывать,ipf,6,32,10,0,2,0,0,0,0,50
петь,ipf,305,486,226,12,0,7,19,3,0,1058
печатать,ipf,39,49,20,1,4,0,3,1,0,117
печататься,ipf,9,32,10,0,0,0,0,0,0,51
печь,ipf,23,32,22,2,0,0,0,1,0,80
писать,ipf,651,769,380,88,0,21,32,24,0,1965
писаться,ipf,37,29,1,0,0,0,0,0,0,67
питать,ipf,18,15,6,0,0,4,10,0,1,54
питаться,ipf,35,37,24,1,7,0,0,0,0,104
пить,ipf,323,439,311,65,1,7,17,0,0,1163
планировать,ipf,79,35,17,1,2,0,10,0,15,159
платить,ipf,146,99,143,11,0,1,0,1,0,401
плевать,ipf,20,24,52,3,1,0,0,0,0,100
плясать,ipf,20,31,15,0,0,0,10,0,0,76
победить,pf,40,85,36,0,5,15,0,26,0,207
побеждать,ipf,28,19,13,1,1,0,2,0,0,64
побить,pf,11,27,9,2,3,1,0,28,0,81
поблагодарить,pf,2,30,26,0,8,0,0,0,0,66
побледнеть,pf,3,42,0,0,3,9,0,0,0,57
побояться,pf,12,36,0,1,1,0,0,0,0,50
повалить,pf,3,26,2,0,0,0,0,22,0,53
повезти,pf,39,212,1,1,0,0,0,0,0,253
поверить,pf,81,175,119,65,4,4,0,1,0,449
повесить,pf,21,105,26,2,3,1,0,22,0,180
повести,pf,36,214,9,1,1,1,0,0,0,262
повиснуть,pf,3,58,1,0,4,9,0,0,0,75
повлиять,pf,13,33,39,0,0,4,0,0,0,89
повредить,pf,12,15,15,1,2,0,0,34,0,79
повторить,pf,35,345,55,20,5,4,0,7,0,471
повториться,pf,26,35,2,2,0,0,0,0,0,65
повторять,ipf,174,174,51,11,40,4,6,0,1,461
повторяться,ipf,27,28,9,0,4,0,0,0,0,68
повысить,pf,13,42,53,0,2,0,0,13,0,123
повышать,ipf,36,14,17,1,14,0,3,0,0,85
погасить,pf,6,23,15,1,1,2,0,13,0,61
погаснуть,pf,8,62,1,0,0,12,0,0,0,83
погибать,ipf,46,26,5,0,1,3,11,0,0,92
погибнуть,pf,58,276,38,0,1,75,0,0,0,448
погладить,pf,6,81,20,2,1,0,0,0,0,110
поглотить,pf,16,11,4,0,0,5,0,14,0,50
поглядеть,pf,23,229,23,25,21,0,0,0,0,321
погрузить,pf,8,26,11,0,2,0,0,47,0,94
погрузиться,pf,3,47,4,3,9,0,0,0,0,66
погубить,pf,15,38,24,1,3,6,0,8,0,95
погулять,pf,10,9,28,5,0,0,0,0,0,52
подавать,ipf,54,74,51,27,15,1,12,0,4,238
подавить,pf,13,16,15,0,5,1,0,48,0,98
подавлять,ipf,10,13,6,0,13,1,58,0,0,101
подарить,pf,26,161,41,5,1,4,0,38,0,276
подать,pf,39,182,82,14,3,4,0,21,0,345
податься,pf,5,43,12,1,1,0,0,0,0,62
подбежать,pf,0,64,7,0,1,6,0,0,0,78
подбирать,ipf,20,36,20,2,14,0,1,0,0,93
подбросить,pf,9,44,7,4,0,0,0,9,0,73
подвергаться,ipf,31,29,4,0,3,0,0,0,0,67
подвесить,pf,1,12,5,0,0,0,0,59,0,77
подвести,pf,24,79,27,3,4,0,0,10,0,147
подводить,ipf,29,13,12,2,12,0,4,0,0,72
подготовить,pf,25,76,63,2,7,3,0,109,0,285
поддаваться,ipf,35,16,12,2,4,0,0,0,0,69
поддержать,pf,40,97,56,3,1,4,0,10,0,211
поддерживать,ipf,97,63,67,1,20,0,23,0,14,285
поделить,pf,13,14,11,1,0,0,0,19,0,58
поделиться,pf,9,50,67,4,2,0,0,0,0,132
поджать,pf,1,15,2,0,27,1,0,14,0,60
подключить,pf,2,9,12,3,0,0,0,26,0,52
подмигнуть,pf,2,61,4,0,6,0,0,0,0,73
поднести,pf,9,68,9,1,3,0,0,3,0,93
поднимать,ipf,82,110,45,3,67,0,1,0,1,309
подниматься,ipf,129,174,51,1,32,0,0,0,0,387
подносить,ipf,16,19,5,0,8,0,1,0,1,50
поднять,pf,63,652,124,12,60,8,0,74,0,993
подняться,pf,42,501,82,5,16,0,0,0,0,646
подобрать,pf,28,52,37,4,8,1,0,37,0,167
подойти,pf,77,945,76,29,31,13,0,0,0,1171
подписать,pf,88,115,45,10,4,6,0,80,0,348
подписывать,ipf,23,24,19,4,2,1,0,0,1,74
подпрыгивать,ipf,7,20,3,0,15,0,5,0,0,50
подсказать,pf,22,56,9,7,0,1,0,1,0,96
подсказывать,ipf,26,27,6,1,0,1,1,0,0,62
подскочить,pf,5,43,4,1,4,0,0,0,0,57
подставить,pf,2,38,15,0,14,0,0,14,0,83
подтвердить,pf,21,214,24,3,2,6,0,17,0,287
подтверждать,ipf,70,23,3,0,8,1,25,0,1,131
подумать,pf,164,1350,242,141,79,0,0,0,0,1976
подхватить,pf,11,124,9,1,4,1,0,11,0,161
подходить,ipf,277,193,30,16,40,9,43,0,0,608
подчеркнуть,pf,15,68,52,2,7,0,0,59,0,203
подчинить,pf,9,14,16,0,1,0,0,42,0,82
подчиняться,ipf,40,43,25,4,15,0,0,0,0,127
подъехать,pf,15,66,7,0,0,2,0,0,0,90
поесть,pf,14,37,39,3,6,0,0,1,0,100
пожалеть,pf,28,71,15,9,2,1,0,0,0,126
пожаловаться,pf,2,45,14,1,0,0,0,0,0,62
пожать,pf,8,252,6,1,10,0,0,0,0,277
пожелать,pf,17,41,12,11,3,7,0,0,0,91
пожимать,ipf,16,24,5,0,15,0,0,0,0,60
позабыть,pf,1,34,2,1,10,4,0,7,0,59
позвать,pf,36,158,39,19,0,0,0,0,0,252
позволить,pf,191,206,88,104,4,8,0,10,0,611
позволять,ipf,504,138,13,2,9,10,123,0,0,799
позвонить,pf,107,397,84,46,5,1,0,0,0,640
поздороваться,pf,5,79,9,1,9,0,0,0,0,103
поздравить,pf,2,17,30,2,0,1,0,0,0,52
поздравлять,ipf,81,9,8,0,4,2,0,0,0,104
познакомить,pf,11,53,19,2,0,2,0,1,0,88
познакомиться,pf,13,162,75,12,8,0,0,0,0,270
поинтересоваться,pf,5,118,11,6,0,0,0,0,0,140
поить,ipf,11,29,10,2,2,0,0,0,0,54
пойти,pf,712,2084,249,254,1,2,0,0,0,3302
показать,pf,211,605,234,93,23,6,0,169,0,1341
показаться,pf,38,596,76,4,0,0,0,0,0,714
показывать,ipf,359,191,98,9,99,1,8,0,1,766
покидать,ipf,26,43,17,0,15,5,3,0,1,110
покинуть,pf,14,89,52,0,10,10,0,17,0,192
поклониться,pf,1,68,9,4,2,0,0,0,0,84
покоситься,pf,0,56,0,0,2,0,0,0,0,58
покраснеть,pf,1,68,0,0,1,6,0,0,0,76
покрывать,ipf,25,26,9,0,4,2,12,0,0,78
покрыть,pf,29,12,17,2,2,2,0,152,0,216
покупать,ipf,116,119,98,18,6,0,0,0,1,358
покурить,pf,9,6,29,7,0,0,0,0,0,51
полагать,ipf,152,71,52,0,32,2,2,0,0,311
полагаться,ipf,117,93,8,1,4,0,0,0,0,223
полететь,pf,31,89,5,2,0,0,0,0,0,127
поливать,ipf,13,16,19,2,9,0,1,0,0,60
полировать,ipf,8,1,1,0,0,0,0,46,4,60
положить,pf,63,513,107,80,68,9,0,91,0,931
получать,ipf,396,220,148,15,16,10,17,0,53,875
получаться,ipf,388,166,13,0,0,0,0,0,0,567
получить,pf,345,974,508,12,103,91,0,377,0,2410
получиться,pf,154,472,34,0,0,0,0,0,0,660
пользоваться,ipf,170,118,133,7,65,0,0,0,0,493
поменять,pf,5,28,33,1,2,2,0,0,0,71
помереть,pf,23,38,8,1,0,1,0,0,0,71
поместить,pf,17,59,39,2,2,1,0,36,0,156
помешать,pf,34,57,34,0,0,1,0,2,0,128
помещаться,ipf,21,75,2,0,0,0,0,0,0,98
помогать,ipf,202,277,116,8,22,9,18,0,0,652
поморщиться,pf,3,102,0,0,5,0,0,0,0,110
помочь,pf,237,294,336,96,0,1,0,0,0,964
понести,pf,17,96,9,0,0,1,0,9,0,132
понизить,pf,2,24,3,0,21,0,0,6,0,56
понимать,ipf,1947,864,218,5,168,15,41,0,5,3263
понравиться,pf,50,330,27,0,0,0,0,0,0,407
понять,pf,326,1730,745,94,54,6,0,20,0,2975
пообедать,pf,13,14,22,2,1,0,0,0,0,52
пообещать,pf,4,86,8,2,7,2,0,0,0,109
попадать,ipf,123,98,10,0,19,1,9,0,0,260
попадаться,ipf,48,70,17,4,0,0,0,0,0,139
попасть,pf,78,575,177,4,28,80,0,0,0,942
попасться,pf,29,107,6,4,1,0,0,0,0,147
поправить,pf,11,91,29,1,1,0,0,0,0,133
поправлять,ipf,14,21,7,0,10,0,0,0,1,53
попробовать,pf,80,88,92,151,2,0,0,0,0,413
попросить,pf,67,423,66,18,9,0,0,1,0,584
попытаться,pf,41,154,50,10,3,0,0,0,0,258
поражать,ipf,39,51,7,0,3,3,6,0,2,111
поразить,pf,33,153,15,0,2,21,0,63,0,287
порвать,pf,11,22,12,4,2,2,0,15,0,68
породить,pf,3,39,5,0,1,7,0,18,0,73
порождать,ipf,31,14,3,0,3,1,10,0,4,66
портить,ipf,31,23,15,2,0,2,2,1,0,76
поручить,pf,21,56,18,0,1,0,0,35,0,131
посадить,pf,77,149,63,9,3,1,0,37,0,339
посвятить,pf,42,41,27,4,2,4,0,234,0,354
поселиться,pf,7,88,22,0,1,0,0,0,0,118
посетить,pf,9,48,39,2,4,11,0,2,0,115
посещать,ipf,27,48,37,2,3,9,2,0,6,134
послать,pf,69,173,61,14,0,6,0,34,0,357
последовать,pf,26,96,12,2,1,15,0,0,0,152
послужить,pf,16,51,9,0,0,4,0,0,0,80
послушать,pf,21,48,74,155,7,0,0,0,0,305
послышаться,pf,1,117,0,0,0,0,0,0,0,118
посметь,pf,14,36,1,1,0,0,0,0,0,52
посмеяться,pf,8,59,19,2,1,0,0,0,0,89
посмотреть,pf,204,1096,275,240,31,4,0,0,0,1850
посоветовать,pf,14,106,11,9,0,2,0,0,0,142
поспешить,pf,2,49,3,1,0,0,0,0,0,55
поставить,pf,113,510,221,32,32,8,0,187,0,1103
поставлять,ipf,15,11,6,0,1,0,2,0,15,50
постараться,pf,67,56,12,43,0,0,0,0,0,178
постигнуть,pf,12,25,6,0,0,8,0,0,0,51
постоять,pf,11,133,16,117,7,0,0,0,0,284
пострадать,pf,13,46,10,0,0,26,0,0,0,95
построить,pf,80,103,103,9,6,0,0,173,0,474
поступать,ipf,126,69,79,5,4,3,55,0,0,341
поступить,pf,47,259,85,2,6,29,0,0,0,428
постучать,pf,0,104,4,1,0,0,0,0,0,109
посчитать,pf,7,52,12,16,6,0,0,1,0,94
посылать,ipf,73,69,37,3,9,0,2,0,5,198
посыпаться,pf,6,52,0,0,0,0,0,0,0,58
потемнеть,pf,1,35,0,0,0,15,0,0,0,51
потерпеть,pf,10,20,19,20,5,6,0,0,0,80
потерять,pf,56,333,96,0,30,42,0,46,0,603
потратить,pf,17,26,22,0,5,0,0,18,0,88
потребовать,pf,44,121,22,2,2,3,0,0,0,194
потребоваться,pf,79,48,2,0,0,0,0,0,0,129
потрясать,ipf,19,13,1,0,7,0,93,0,0,133
потрясти,pf,22,73,7,0,0,8,0,27,0,137
потянуть,pf,18,87,7,2,2,0,0,0,0,116
потянуться,pf,11,108,2,1,2,0,0,0,0,124
похвалить,pf,8,56,9,0,0,1,0,0,0,74
похоронить,pf,19,36,18,2,1,0,0,25,0,101
поцеловать,pf,17,121,21,10,4,0,0,0,0,173
почитать,pf,8,10,38,11,1,0,0,0,0,68
почувствовать,pf,44,548,76,3,39,1,0,1,0,712
пошутить,pf,4,50,12,0,0,0,0,1,0,67
пощупать,pf,4,40,9,7,2,0,0,0,0,62
появиться,pf,164,1076,57,6,3,0,0,0,0,1306
появляться,ipf,281,232,54,1,9,0,0,0,0,577
пояснить,pf,12,110,11,5,1,0,0,0,0,139
править,ipf,15,21,7,1,0,4,8,0,0,56
праздновать,ipf,18,23,11,0,1,0,0,0,0,53
превосходить,ipf,32,17,0,0,2,2,11,0,0,64
превратить,pf,21,43,54,1,12,4,0,19,0,154
превратиться,pf,52,217,61,1,13,0,0,0,0,344
превращать,ipf,19,12,17,0,17,2,3,0,0,70
превращаться,ipf,105,69,33,5,13,0,0,0,0,225
превышать,ipf,106,21,21,0,2,0,36,0,0,186
предать,pf,13,40,9,0,2,2,0,23,0,89
предлагать,ipf,295,150,18,6,21,2,15,0,80,587
предложить,pf,72,451,92,9,4,8,0,136,0,772
предназначить,pf,7,1,0,0,0,0,0,159,0,167
предоставить,pf,42,46,45,0,8,2,0,51,0,194
предоставлять,ipf,55,11,28,0,4,0,6,0,31,135
предполагать,ipf,127,77,43,0,11,1,17,0,37,313
предположить,pf,46,36,93,1,5,0,0,0,0,181
предпочесть,pf,12,40,1,0,1,0,0,0,0,54
предпочитать,ipf,138,55,0,0,8,4,7,0,2,214
предпринять,pf,16,26,21,0,0,1,0,16,0,80
представить,pf,101,134,310,175,12,2,0,323,0,1057
представиться,pf,7,60,9,1,0,0,0,0,0,77
представлять,ipf,599,225,36,0,23,14,86,0,6,989
представляться,pf,156,93,7,0,0,0,0,0,0,256
предстать,pf,8,40,8,0,3,1,0,0,0,60
предупредить,pf,10,93,53,4,4,0,0,7,0,171
предупреждать,ipf,50,57,5,1,7,2,7,0,0,129
предусматривать,ipf,65,11,3,0,0,1,22,0,2,104
предусмотреть,pf,15,12,18,0,1,0,0,172,0,218
предъявить,pf,20,36,31,7,5,0,0,18,0,117
предъявлять,ipf,17,9,13,0,3,0,1,0,13,56
презирать,ipf,32,52,13,1,9,3,4,0,4,118
прекратить,pf,23,34,66,15,1,2,0,13,0,154
прекратиться,pf,9,50,2,0,0,0,0,0,0,61
пренебречь,pf,2,14,48,0,0,1,0,0,0,65
преодолевать,ipf,8,5,27,3,18,0,3,0,0,64
преодолеть,pf,14,15,68,0,11,1,0,9,0,118
преподавать,ipf,30,45,18,0,0,1,1,0,0,95
препятствовать,ipf,21,11,7,1,1,1,11,0,0,53
прервать,pf,10,55,22,0,4,1,0,20,0,112
прибавить,pf,11,77,28,13,6,0,0,0,0,135
прибегать,ipf,20,19,15,2,5,1,0,0,0,62
прибежать,pf,14,52,1,0,1,2,0,0,0,70
приближаться,ipf,51,78,10,0,20,0,0,0,0,159
приблизить,pf,6,16,14,0,3,1,0,33,0,73
приблизиться,pf,3,64,15,0,4,0,0,0,0,86
прибыть,pf,8,110,11,0,4,47,0,0,0,180
привезти,pf,68,305,39,3,3,1,0,42,0,461
привести,pf,148,404,158,21,4,13,0,186,0,934
приветствовать,ipf,48,43,21,0,8,1,0,0,1,122
привлекать,ipf,66,54,24,0,11,3,8,0,4,170
привлечь,pf,24,67,71,0,0,1,0,20,0,183
приводить,ipf,235,82,35,3,13,1,17,0,13,399
привозить,ipf,29,40,5,1,1,3,0,0,0,79
привыкать,ipf,31,14,16,3,5,1,2,0,0,72
привыкнуть,pf,12,409,39,0,5,51,0,0,0,516
привязать,pf,21,21,15,2,5,0,0,52,0,116
пригласить,pf,58,268,68,6,7,5,0,50,0,462
приглашать,ipf,75,102,24,2,21,1,10,0,4,239
приговаривать,ipf,7,29,7,0,17,0,0,0,0,60
приговорить,pf,8,20,1,0,0,0,0,23,0,52
пригодиться,pf,48,22,16,0,0,0,0,0,0,86
приготовить,pf,15,39,43,9,1,1,0,48,0,156
приготовиться,pf,3,39,7,4,1,0,0,0,0,54
придавать,ipf,65,56,8,2,18,7,7,0,1,164
придать,pf,15,33,32,1,8,3,0,4,0,96
придумать,pf,65,219,72,11,3,1,0,58,0,429
придумывать,ipf,29,30,32,0,9,0,0,0,0,100
приезжать,ipf,162,243,31,47,17,20,23,0,0,543
приехать,pf,227,919,115,0,37,88,0,0,0,1386
прижать,pf,10,77,6,3,14,1,0,16,0,127
прижаться,pf,6,53,3,0,23,0,0,0,0,85
прижимать,ipf,27,32,3,1,27,1,0,0,1,92
призвать,pf,17,32,6,0,4,0,0,58,0,117
признавать,ipf,99,66,16,1,12,5,10,0,5,214
признаваться,ipf,84,33,8,4,1,0,0,0,0,130
признать,pf,70,114,143,2,6,1,0,63,0,399
признаться,pf,24,109,84,8,3,0,0,0,0,228
призывать,ipf,37,32,9,1,16,2,8,0,0,105
прийти,pf,496,1859,198,27,62,117,0,0,0,2759
прийтись,pf,532,763,3,0,0,0,0,0,0,1298
приказать,pf,43,191,8,2,2,3,0,12,0,261
приказывать,ipf,37,26,3,0,1,0,0,0,0,67
прикрепить,pf,13,12,5,1,2,0,0,33,0,66
прикрывать,ipf,10,20,4,0,17,5,8,0,2,66
прикрыть,pf,8,72,17,2,19,2,0,50,0,170
прилететь,pf,17,86,13,0,2,6,0,0,0,124
приложить,pf,20,55,37,2,5,2,0,23,0,144
применить,pf,13,23,47,1,2,1,0,18,0,105
применять,ipf,109,29,65,3,12,0,2,0,59,279
применяться,ipf,91,22,17,0,0,0,0,0,0,130
принести,pf,131,416,80,29,4,10,0,26,0,696
принимать,ipf,275,312,215,17,78,22,34,0,28,981
приниматься,ipf,64,55,9,2,3,0,0,0,0,133
приносить,ipf,116,134,22,3,3,6,9,0,5,298
принять,pf,287,508,336,31,38,33,0,365,0,1598
приняться,pf,14,165,2,0,1,0,0,0,0,182
приобрести,pf,34,136,65,1,2,3,0,37,0,278
приобретать,ipf,96,35,14,1,7,0,9,0,4,166
приоткрыть,pf,1,32,6,2,8,0,0,24,0,73
приподнять,pf,0,65,13,0,17,0,0,25,0,120
приподняться,pf,0,52,1,0,9,0,0,0,0,62
припомнить,pf,23,18,17,1,1,0,0,0,0,60
присесть,pf,3,120,14,11,13,4,0,0,0,165
прислать,pf,42,143,34,7,1,5,0,24,0,256
прислониться,pf,3,24,3,0,24,0,0,0,0,54
прислушаться,pf,3,43,10,3,5,0,0,0,0,64
прислушиваться,ipf,23,79,23,1,63,0,0,0,0,189
присниться,pf,7,40,5,0,0,0,0,0,0,52
присоединиться,pf,4,30,15,1,1,0,0,0,0,51
приспособить,pf,4,11,8,0,1,0,0,41,0,65
приставать,ipf,12,31,10,6,0,1,2,0,0,62
пристать,pf,4,42,4,0,1,0,0,0,0,51
приступать,ipf,27,7,9,3,9,0,0,0,0,55
приступить,pf,9,70,38,4,0,0,0,0,0,121
притворяться,ipf,28,11,12,3,3,0,0,0,0,57
притихнуть,pf,1,44,1,0,0,15,0,0,0,61
приучить,pf,3,18,15,0,0,0,0,15,0,51
прихватить,pf,6,37,9,1,13,0,0,4,0,70
приходить,ipf,429,511,66,71,30,8,24,0,0,1139
приходиться,ipf,409,396,4,0,0,0,0,0,0,809
причинить,pf,3,16,10,0,2,3,0,19,0,53
прищуриться,pf,0,28,4,0,25,0,0,0,0,57
пробежать,pf,2,66,8,0,5,2,0,0,0,83
пробиваться,ipf,14,25,10,0,1,0,0,0,0,50
пробираться,ipf,6,34,11,0,8,0,0,0,0,59
пробить,pf,16,39,11,3,1,0,0,17,0,87
пробиться,pf,6,18,26,0,2,0,0,0,0,52
пробовать,ipf,22,111,18,7,7,0,5,0,0,170
пробормотать,pf,0,154,1,0,1,0,0,0,0,156
пробраться,pf,1,33,14,0,2,0,0,0,0,50
провалиться,pf,9,64,10,2,0,0,0,0,0,85
проверить,pf,37,60,114,24,5,0,0,53,0,293
проверять,ipf,47,52,62,4,24,2,9,0,2,202
провести,pf,127,395,192,11,11,3,0,177,0,916
проводить,ipf,125,171,129,3,16,8,13,0,51,516
проводить,pf,26,65,34,16,8,1,0,0,0,150
провожать,ipf,19,68,45,1,11,4,9,0,1,158
проглотить,pf,2,46,16,0,2,0,0,2,0,68
прогнать,pf,11,28,16,0,0,0,0,0,0,55
проговорить,pf,5,369,4,1,0,0,0,0,0,379
проголосовать,pf,15,19,10,1,1,6,0,0,0,52
продавать,ipf,109,75,66,6,5,3,4,0,16,284
продаваться,ipf,81,40,7,0,0,0,0,0,0,128
продать,pf,69,94,95,14,5,3,0,62,0,342
проделать,pf,7,28,9,4,4,0,0,20,0,72
продемонстрировать,pf,8,39,17,4,3,1,0,9,0,81
продолжать,ipf,268,701,80,14,98,7,7,0,0,1175
продолжаться,ipf,117,155,23,0,1,0,0,0,0,296
продолжить,pf,37,63,66,4,4,0,0,4,0,178
продумать,pf,7,19,8,3,2,1,0,48,0,88
проезжать,ipf,7,24,4,2,6,4,3,0,0,50
проехать,pf,16,66,17,0,8,0,0,0,0,107
проживать,ipf,33,34,6,0,4,6,52,0,0,135
прожить,pf,41,160,60,5,7,13,0,38,0,324
прозвучать,pf,17,95,2,0,0,9,0,0,0,123
проиграть,pf,22,70,14,0,5,21,0,8,0,140
проигрывать,ipf,29,25,8,0,4,1,1,0,1,69
произвести,pf,38,125,55,1,6,1,0,64,0,290
производить,ipf,105,66,56,0,5,6,18,0,21,277
произнести,pf,18,436,37,3,11,1,0,41,0,547
произносить,ipf,67,117,29,3,20,4,0,0,12,252
произойти,pf,113,673,39,0,0,83,0,0,0,908
происходить,ipf,692,342,27,0,1,31,157,0,0,1250
пройти,pf,251,1242,159,31,55,91,0,40,0,1869
пройтись,pf,9,66,16,2,1,0,0,0,0,94
пролететь,pf,5,46,4,0,1,5,0,0,0,61
пронестись,pf,3,48,1,0,1,0,0,0,0,53
проникать,ipf,26,36,8,0,2,1,11,0,0,84
проникнуть,pf,8,37,36,0,2,6,0,0,0,89
пропадать,ipf,38,56,19,3,3,2,3,0,0,124
пропасть,pf,69,241,13,9,1,35,0,0,0,368
пропеть,pf,2,51,3,0,0,0,0,0,0,56
прописать,pf,18,15,14,0,0,0,0,52,0,99
пропускать,ipf,33,38,22,1,16,0,8,0,0,118
пропустить,pf,27,63,43,11,6,2,0,18,0,170
проработать,pf,4,45,9,1,3,7,0,11,0,80
просидеть,pf,7,101,11,0,3,2,0,3,0,127
просить,ipf,572,382,102,13,11,7,12,0,0,1099
проследить,pf,6,15,20,9,1,0,0,5,0,56
проснуться,pf,42,246,24,6,33,0,0,0,0,351
простить,pf,68,41,71,313,1,1,0,8,0,503
проститься,pf,6,33,25,2,8,0,0,0,0,74
просыпаться,ipf,45,65,10,2,10,0,0,0,0,132
протекать,ipf,37,23,6,0,0,2,17,0,0,85
протестовать,ipf,13,12,18,0,0,0,8,0,0,51
протягивать,ipf,33,26,3,0,35,0,3,0,0,100
протянуть,pf,23,351,9,4,6,0,0,33,0,426
проходить,ipf,337,324,26,49,76,37,56,0,3,908
прочесть,pf,57,225,73,29,15,0,0,1,0,400
прочитать,pf,12,127,63,11,35,5,0,32,0,285
прошептать,pf,3,101,0,0,0,0,0,0,0,104
прощать,ipf,36,26,26,34,6,1,1,0,0,130
прощаться,ipf,24,51,31,4,39,0,0,0,0,149
проявить,pf,12,79,45,3,6,4,0,19,0,168
проявлять,ipf,63,48,34,4,9,1,3,0,3,165
проявляться,ipf,82,31,5,0,1,0,0,0,0,119
прятать,ipf,43,50,25,5,25,3,5,0,0,156
прятаться,ipf,57,52,16,4,12,0,1,0,0,142
публиковать,ipf,23,9,16,0,3,1,0,1,13,66
пугать,ipf,45,63,16,4,10,3,28,1,0,170
пугаться,ipf,11,17,8,15,6,0,0,0,0,57
пускать,ipf,75,71,38,10,5,0,0,0,0,199
пустить,pf,56,113,47,37,3,1,0,19,0,276
путать,ipf,33,20,17,4,3,0,0,0,0,77
путаться,ipf,19,27,6,2,6,0,0,0,0,60
пытаться,ipf,287,491,31,3,143,0,0,0,0,955
работать,ipf,951,1175,814,37,47,71,136,0,0,3231
радовать,ipf,50,31,11,0,2,3,6,0,0,103
радоваться,ipf,78,152,57,19,21,0,0,0,0,327
разбирать,ipf,30,20,36,3,11,0,0,0,1,101
разбираться,ipf,68,41,43,13,0,0,0,0,0,165
разбить,pf,27,54,24,2,4,0,0,84,0,195
разбросать,pf,9,17,0,0,1,0,0,36,0,63
разбудить,pf,17,64,34,5,4,1,0,7,0,132
развалиться,pf,9,34,6,0,6,0,0,0,0,55
развернуть,pf,11,70,13,1,4,2,0,52,0,153
развернуться,pf,4,65,19,1,2,0,0,0,0,91
развести,pf,14,146,19,4,6,0,0,28,0,217
развестись,pf,9,41,8,3,0,0,0,0,0,61
развивать,ipf,34,14,33,1,14,1,8,0,5,110
развиваться,ipf,127,58,55,0,4,0,0,0,0,244
развить,pf,12,17,16,0,0,0,0,23,0,68
разводить,ipf,31,35,25,4,6,0,0,0,0,101
разворачиваться,ipf,25,20,4,0,3,0,0,0,0,52
разгадать,pf,3,14,23,0,3,0,0,11,0,54
разговаривать,ipf,126,257,185,4,34,1,3,0,0,610
раздавать,ipf,18,18,9,0,4,1,0,0,2,52
раздаваться,ipf,28,64,2,0,0,0,0,0,0,94
раздавить,pf,5,15,8,0,1,0,0,23,0,52
раздаться,pf,4,233,0,0,0,0,0,0,0,237
раздеваться,ipf,11,5,18,13,15,0,0,0,0,62
разделить,pf,19,26,54,3,3,1,0,38,0,144
разделять,ipf,38,28,9,2,5,4,17,0,1,104
раздеться,pf,2,28,23,2,6,0,0,0,0,61
раздражать,ipf,35,89,10,0,0,5,1,0,0,140
различать,ipf,27,25,31,0,2,0,3,0,1,89
разложить,pf,13,27,8,5,4,0,0,21,0,78
размахивать,ipf,9,20,7,0,35,0,4,0,0,75
разместить,pf,10,12,28,0,2,0,0,26,0,78
размещаться,ipf,12,44,1,0,0,0,0,0,0,57
разобрать,pf,44,44,35,8,1,1,0,15,0,148
разобраться,pf,68,47,138,24,8,0,0,0,0,285
разойтись,pf,15,126,12,1,1,1,0,0,0,156
разорвать,pf,7,34,14,0,3,0,0,27,0,85
разочаровать,pf,11,11,8,0,0,0,0,27,0,57
разрабатывать,ipf,19,12,18,0,4,0,3,0,18,74
разработать,pf,46,47,48,1,1,5,0,140,0,288
разрешать,ipf,39,41,18,1,9,0,8,0,3,119
разрешить,pf,40,110,45,96,4,1,0,49,0,345
разрушать,ipf,28,11,9,1,4,0,4,0,0,57
разрушить,pf,15,38,28,0,1,1,0,90,0,173
разыскать,pf,6,32,34,1,5,0,0,1,0,79
раскалить,pf,1,1,1,0,0,1,0,73,0,77
раскрывать,ipf,20,11,7,2,8,0,2,0,4,54
раскрываться,ipf,32,10,8,0,1,0,0,0,0,51
раскрыть,pf,19,91,37,2,14,0,0,63,0,226
распахнуть,pf,14,52,7,1,8,0,0,60,0,142
расписаться,pf,6,27,21,9,0,0,0,0,0,63
располагать,ipf,59,30,9,1,10,0,11,0,0,120
располагаться,ipf,40,65,10,6,1,0,0,0,0,122
расположить,pf,14,4,11,0,0,0,0,274,0,303
расположиться,pf,2,48,2,0,4,0,0,0,0,56
распорядиться,pf,7,40,16,1,0,0,0,0,0,64
распространить,pf,7,13,10,0,2,0,0,164,0,196
распространяться,ipf,64,23,12,0,1,0,0,0,0,100
распустить,pf,7,24,8,0,7,2,0,25,0,73
рассердиться,pf,3,97,0,0,7,0,0,0,0,107
рассказать,pf,194,588,259,94,7,5,0,20,0,1167
рассказывать,ipf,304,642,221,56,43,3,8,0,1,1278
рассматривать,ipf,98,87,100,2,33,2,5,0,81,408
рассмотреть,pf,42,31,56,60,12,0,0,62,0,263
расспрашивать,ipf,10,51,42,1,0,0,0,0,0,104
расставаться,ipf,29,19,43,0,7,0,0,0,0,98
расставить,pf,9,22,6,0,16,1,0,21,0,75
расстаться,pf,19,63,46,2,1,0,0,0,0,131
расстегнуть,pf,7,27,10,0,7,0,0,29,0,80
расстреливать,ipf,16,22,21,0,2,0,0,0,2,63
расстрелять,pf,51,78,14,0,0,1,0,38,0,182
расстроить,pf,5,12,5,0,0,0,0,31,0,53
расстроиться,pf,3,47,2,0,0,0,0,0,0,52
рассчитать,pf,21,18,13,7,4,1,0,93,0,157
рассчитывать,ipf,78,77,74,6,15,0,1,0,0,251
растаять,pf,22,40,2,0,1,7,0,0,0,72
растеряться,pf,2,122,3,0,6,0,0,0,0,133
расти,ipf,275,227,59,6,0,4,69,0,0,640
расходиться,ipf,46,34,9,2,7,0,0,0,0,98
расширить,pf,16,20,41,0,1,0,0,41,0,119
расширять,ipf,15,9,15,1,9,0,2,0,3,54
расширяться,ipf,32,19,7,0,3,0,0,0,0,61
рвать,ipf,29,29,13,4,0,1,7,0,0,83
рваться,ipf,45,50,7,0,0,0,0,0,0,102
реагировать,ipf,46,41,25,0,1,0,6,0,0,119
реализовать,ipf,19,0,6,0,4,0,19,31,16,95
реализовать,pf,24,8,38,0,1,1,0,31,0,103
регулировать,ipf,16,6,21,0,3,0,27,0,7,80
резать,ipf,44,37,27,10,0,1,6,0,0,125
рекомендовать,ipf,48,27,8,0,1,0,0,9,8,101
рекомендоваться,ipf,65,4,0,0,1,0,0,0,0,70
репетировать,ipf,10,30,11,0,3,0,0,0,0,54
решать,ipf,122,49,129,13,10,1,22,0,20,366
решаться,ipf,94,65,11,1,8,0,0,0,0,179
решить,pf,137,1278,160,3,55,22,0,115,0,1770
решиться,pf,22,134,20,0,4,0,0,0,0,180
рисовать,ipf,45,75,43,2,4,1,0,5,2,177
родить,pf,16,77,16,1,3,3,0,59,0,175
родиться,pf,16,389,23,8,3,3,0,0,0,442
рожать,ipf,10,13,28,1,0,3,1,0,0,56
рождаться,ipf,73,44,2,0,1,0,0,0,0,120
рубить,ipf,34,19,25,4,1,2,1,5,0,91
ругать,ipf,35,71,38,5,9,0,1,0,0,159
ругаться,ipf,36,83,29,5,11,0,0,0,0,164
рушиться,ipf,30,18,1,0,1,0,0,0,0,50
рыть,ipf,21,16,16,0,1,2,0,0,0,56
садиться,ipf,135,114,33,169,19,0,0,0,0,470
сажать,ipf,50,48,36,4,3,0,0,0,0,141
сбежать,pf,12,103,19,3,2,15,0,0,0,154
сбить,pf,16,53,23,1,5,2,0,38,0,138
сбрасывать,ipf,11,22,12,2,11,0,0,0,1,59
сбросить,pf,21,61,27,2,6,1,0,5,0,123
свалить,pf,10,25,14,1,4,1,0,12,0,67
свалиться,pf,15,81,10,0,2,0,0,0,0,108
сварить,pf,10,22,13,0,0,0,0,21,0,66
свернуть,pf,7,98,25,2,5,1,0,13,0,151
свести,pf,18,48,44,1,1,1,0,13,0,126
светить,ipf,57,50,5,5,1,0,1,0,0,119
свидетельствовать,ipf,150,21,10,0,2,2,27,0,0,212
свисать,ipf,4,27,0,0,0,3,18,0,0,52
свистеть,ipf,17,33,9,1,3,2,1,0,0,66
сводить,ipf,32,45,13,1,21,6,7,0,2,127
сводиться,ipf,44,30,2,0,0,0,0,0,0,76
связать,pf,53,35,35,2,1,3,0,692,0,821
связаться,pf,1,34,15,8,0,0,0,0,0,58
связывать,ipf,55,50,19,4,3,1,19,0,1,152
связываться,ipf,15,28,27,3,0,0,0,0,0,73
сгореть,pf,14,70,5,0,0,15,0,0,0,104
сдавать,ipf,31,35,39,5,2,1,2,0,2,117
сдаваться,ipf,38,16,13,1,0,0,1,0,0,69
сдать,pf,43,94,45,6,6,3,0,18,0,215
сдаться,pf,5,45,11,1,2,0,0,0,0,64
сдвинуть,pf,13,25,19,1,4,1,0,22,0,85
сделать,pf,471,1221,972,79,55,25,0,322,0,3145
сделаться,pf,23,185,10,0,5,0,0,0,0,223
сдерживать,ipf,17,12,11,0,17,0,8,0,9,74
сердиться,ipf,43,68,17,28,12,0,0,0,0,168
сесть,pf,99,843,101,49,9,5,0,0,0,1106
сжать,pf,4,69,10,0,8,3,0,20,0,114
сжечь,pf,17,38,19,2,1,0,0,26,0,103
сжимать,ipf,19,27,2,1,16,3,3,0,0,71
сказаться,pf,25,34,11,0,0,0,0,0,0,70
сказываться,ipf,46,18,1,0,0,0,0,0,0,65
скинуть,pf,6,32,8,1,6,1,0,1,0,55
складывать,ipf,18,32,10,3,1,0,1,0,0,65
складываться,ipf,72,74,7,0,0,1,0,0,0,154
склонить,pf,3,12,4,1,26,1,0,19,0,66
склониться,pf,1,35,3,1,18,0,0,0,0,58
скрывать,ipf,67,66,62,2,22,4,5,0,7,235
скрываться,ipf,37,31,9,0,9,0,0,0,0,86
скрыть,pf,35,27,61,0,2,0,0,38,0,163
скрыться,pf,3,108,17,0,0,0,0,0,0,128
следить,ipf,105,150,77,11,20,4,4,0,0,371
следовать,ipf,877,268,47,7,35,4,120,0,0,1358
сливаться,ipf,24,27,2,0,4,0,0,0,0,57
сложить,pf,18,76,19,2,23,0,0,90,0,228
сложиться,pf,23,156,8,1,2,1,0,0,0,191
сломать,pf,17,67,27,1,3,1,0,47,0,163
служить,ipf,221,223,141,5,4,29,16,0,0,639
случаться,ipf,104,145,2,0,0,0,0,0,0,251
случиться,pf,80,653,65,17,1,0,0,0,0,816
слушать,ipf,278,476,241,389,112,10,5,0,0,1511
слушаться,ipf,32,32,7,2,0,0,0,0,0,73
слыхать,ipf,2,78,6,0,0,1,0,3,0,90
слышать,ipf,502,768,151,15,36,12,0,14,0,1498
слышаться,ipf,28,107,1,0,0,0,0,0,0,136
сменить,pf,9,36,39,5,8,11,0,3,0,111
смениться,pf,4,48,2,0,1,0,0,0,0,55
сметь,ipf,48,55,8,31,7,3,0,0,0,152
смешать,pf,4,16,21,3,2,2,0,28,0,76
смешаться,pf,1,47,2,0,2,0,0,0,0,52
смеяться,ipf,312,269,74,16,56,0,0,0,0,727
смириться,pf,5,21,28,5,3,0,0,0,0,62
смолкнуть,pf,1,52,0,1,0,1,0,0,0,55
смотреть,ipf,985,1428,490,704,52,10,5,0,0,3674
смотреться,ipf,39,31,3,0,0,0,0,0,0,73
смутить,pf,10,18,1,0,0,3,0,24,0,56
смутиться,pf,1,62,2,0,5,0,0,0,0,70
смущать,ipf,31,40,6,0,1,2,0,0,1,81
снести,pf,16,39,10,1,1,0,0,8,0,75
снижать,ipf,35,6,15,0,4,0,6,0,0,66
снижаться,ipf,38,9,10,0,1,0,0,0,0,58
снизить,pf,17,6,35,0,4,1,0,17,0,80
снизиться,pf,13,47,1,0,0,0,0,0,0,61
снимать,ipf,140,148,108,19,39,4,14,0,2,474
сниматься,ipf,35,39,12,0,1,0,1,0,0,88
сниться,ipf,30,75,6,0,0,0,0,0,0,111
снять,pf,86,426,166,33,32,4,0,83,0,830
собирать,ipf,119,155,119,12,27,5,24,0,3,464
собираться,ipf,388,395,35,17,39,0,0,0,0,874
соблюдать,ipf,17,17,51,5,10,0,2,0,0,102
собрать,pf,49,193,99,8,22,9,0,125,0,505
собраться,pf,48,294,24,2,13,0,0,0,0,381
совершать,ipf,59,50,36,2,18,2,12,0,11,190
совершаться,ipf,44,37,2,0,0,0,0,0,0,83
совершить,pf,50,124,75,3,11,9,0,50,0,322
советовать,ipf,73,50,10,1,1,0,1,0,0,136
совпадать,ipf,79,30,7,0,1,0,12,0,0,129
согласиться,pf,70,410,74,52,6,0,0,0,0,612
соглашаться,ipf,49,81,18,8,7,0,0,0,0,163
соединить,pf,8,31,37,3,6,5,0,131,0,221
соединиться,pf,9,31,12,0,7,0,0,0,0,59
соединять,ipf,22,13,4,2,11,3,25,0,2,82
создавать,ipf,246,66,103,1,44,1,25,0,3,489
создаваться,ipf,100,64,7,0,0,0,0,0,0,171
создать,pf,133,203,243,2,12,26,0,352,0,971
сознавать,ipf,16,27,13,0,17,1,5,0,0,79
сознаться,pf,4,28,17,4,0,0,0,0,0,53
созреть,pf,6,35,5,0,1,13,0,0,0,60
сойти,pf,46,191,43,5,5,11,0,0,0,301
сойтись,pf,13,85,5,0,5,0,0,0,0,108
сократить,pf,10,16,47,0,4,0,0,19,0,96
сократиться,pf,12,43,3,0,0,0,0,0,0,58
соображать,ipf,27,40,23,2,27,0,3,0,0,122
сообразить,pf,16,103,37,0,13,1,0,0,0,170
сообщать,ipf,118,66,23,3,12,2,4,0,1,229
сообщить,pf,34,412,96,8,8,1,0,10,0,569
сопровождать,ipf,18,61,17,0,6,14,22,0,14,152
сорвать,pf,8,59,28,0,4,0,0,22,0,121
сорваться,pf,13,77,13,1,3,0,0,0,0,107
сосать,ipf,24,15,10,1,0,1,4,0,0,55
сосредоточить,pf,10,5,10,0,3,0,0,43,0,71
сосредоточиться,pf,3,20,34,4,2,0,0,0,0,63
составить,pf,86,168,63,4,4,8,0,80,0,413
составлять,ipf,423,171,38,2,5,11,109,0,2,761
сотворить,pf,9,25,13,1,0,2,0,22,0,72
сохранить,pf,34,88,157,10,7,15,0,29,0,340
сохраниться,pf,18,212,7,0,1,0,0,0,0,238
сохранять,ipf,65,21,34,1,27,4,4,0,2,158
сохраняться,ipf,63,33,3,0,1,0,0,0,0,100
сочинить,pf,9,30,17,1,1,1,0,21,0,80
сочинять,ipf,24,54,24,0,5,1,0,0,2,110
спасать,ipf,39,42,50,3,14,0,4,0,1,153
спасаться,ipf,15,12,11,4,10,0,0,0,0,52
спасти,pf,62,107,142,29,0,7,0,26,0,373
спеть,pf,30,74,64,6,0,0,0,7,0,181
спешить,ipf,101,85,45,18,44,2,12,0,0,307
спорить,ipf,79,87,88,5,5,3,7,0,0,274
способствовать,ipf,98,65,29,0,3,4,15,0,0,214
спохватиться,pf,2,59,0,1,1,0,0,0,0,63
справиться,pf,50,39,66,1,7,0,0,0,0,163
справляться,ipf,30,33,7,1,0,0,0,0,0,71
спрашивать,ipf,702,425,116,37,25,1,5,0,0,1311
спрашиваться,ipf,54,0,2,0,0,0,0,0,0,56
спросить,pf,188,3519,232,62,10,3,0,2,0,4016
спрыгнуть,pf,4,54,7,1,3,0,0,0,0,69
спрятать,pf,13,100,35,9,7,0,0,38,0,202
спрятаться,pf,11,50,30,1,4,0,0,0,0,96
спускаться,ipf,47,70,32,3,14,0,0,0,0,166
спустить,pf,12,40,8,4,3,1,0,18,0,86
спуститься,pf,13,143,27,4,4,0,0,0,0,191
спутать,pf,9,20,12,0,0,0,0,17,0,58
сравнивать,ipf,27,20,44,1,4,1,2,0,5,104
сравнить,pf,6,25,53,45,5,0,0,1,0,135
срывать,ipf,10,24,7,2,4,2,1,0,1,51
ссориться,ipf,34,47,16,1,0,0,0,0,0,98
ссылаться,ipf,26,22,7,1,25,0,0,0,0,81
ставить,ipf,202,188,126,24,20,4,7,0,0,571
сталкиваться,ipf,50,30,17,0,9,0,0,0,0,106
становиться,ipf,632,489,23,7,21,0,0,0,0,1172
стараться,ipf,246,397,33,23,177,0,0,0,0,876
стареть,ipf,26,4,5,2,2,1,18,0,0,58
стать,pf,730,6389,580,23,54,153,0,0,0,7929
стащить,pf,7,30,6,2,2,0,0,3,0,50
стемнеть,pf,8,44,0,0,0,0,0,0,0,52
стереть,pf,10,17,21,0,1,1,0,10,0,60
стесняться,ipf,35,48,7,14,35,0,0,0,0,139
стирать,ipf,20,34,31,2,6,1,1,2,0,97
столкнуться,pf,8,74,13,1,10,0,0,0,0,106
стоять,ipf,993,2308,175,120,115,134,101,0,0,3946
страдать,ipf,92,97,24,0,10,8,46,0,0,277
стричь,ipf,10,9,9,0,0,0,0,29,0,57
строить,ipf,98,115,117,16,6,5,3,4,0,364
строиться,ipf,75,48,14,1,0,0,0,0,0,138
ступать,ipf,8,18,11,12,25,1,2,0,0,77
стучать,ipf,62,98,31,4,30,1,3,0,0,229
стыдиться,ipf,18,31,12,1,18,0,0,0,0,80
сформировать,pf,10,12,27,1,2,1,0,40,0,93
сформулировать,pf,20,24,28,2,1,1,0,37,0,113
схватить,pf,27,248,39,1,15,0,0,21,0,351
схватиться,pf,3,65,4,0,6,0,0,0,0,78
сходить,ipf,48,38,7,6,9,6,4,0,0,118
сходить,pf,31,30,54,40,0,0,0,0,0,155
сходиться,ipf,38,36,2,0,1,0,0,0,0,77
счесть,pf,28,62,13,4,0,0,0,0,0,107
считать,ipf,954,575,336,51,103,13,23,19,0,2074
считаться,ipf,238,217,62,0,8,0,0,0,0,525
сшить,pf,16,22,22,0,1,0,0,34,0,95
съесть,pf,56,127,58,6,0,3,0,18,0,268
сыграть,pf,44,157,100,18,8,6,0,11,0,344
танцевать,ipf,78,97,60,4,6,3,26,0,0,274
таскать,ipf,31,74,27,1,3,0,1,0,0,137
тащить,ipf,46,77,46,27,5,1,0,0,0,202
таять,ipf,25,31,8,0,2,1,9,0,0,76
твердить,ipf,14,67,5,0,2,1,1,0,0,90
творить,ipf,44,22,26,0,1,3,8,0,3,107
темнеть,ipf,17,49,8,0,0,3,2,0,0,79
терзать,ipf,8,23,10,1,2,2,2,0,3,51
терпеть,ipf,66,64,119,8,4,2,4,0,0,267
терять,ipf,149,91,70,7,41,1,8,0,0,367
теряться,ipf,32,38,1,3,2,0,0,0,0,76
тонуть,ipf,32,22,12,1,0,0,7,0,0,74
топить,ipf,20,41,17,3,0,1,0,2,0,84
торговать,ipf,39,33,27,1,1,1,12,0,1,115
торопиться,ipf,60,83,39,20,71,0,1,0,0,274
тратить,ipf,43,33,62,4,4,0,0,4,0,150
требовать,ipf,365,249,57,5,32,11,78,0,39,836
требоваться,ipf,213,99,0,0,0,0,0,0,0,312
тревожить,ipf,32,46,20,1,2,3,5,0,0,109
трясти,ipf,23,62,15,4,11,0,2,0,0,117
тянуть,ipf,173,163,43,21,1,1,2,0,0,404
тянуться,ipf,65,147,11,0,0,0,0,0,0,223
убегать,ipf,16,34,7,2,5,3,8,0,0,75
убедить,pf,19,37,61,1,1,0,0,63,0,182
убедиться,pf,18,115,66,5,30,0,0,0,0,234
убежать,pf,17,89,22,1,0,4,0,0,0,133
убеждать,ipf,23,49,17,0,7,1,3,0,0,100
убивать,ipf,80,52,46,6,1,0,5,0,0,190
убирать,ipf,24,37,32,4,8,1,1,0,1,108
убить,pf,135,239,116,25,6,16,0,96,0,633
убрать,pf,14,58,59,24,5,0,0,25,0,185
увезти,pf,22,89,27,0,0,0,0,8,0,146
увеличивать,ipf,27,5,18,1,11,0,2,0,0,64
увеличиваться,ipf,73,28,4,0,1,0,0,0,0,106
увеличить,pf,25,16,71,1,5,0,0,27,0,145
увеличиться,pf,40,74,4,0,1,0,0,0,0,119
уверить,pf,39,11,5,0,0,1,0,110,0,166
уверять,ipf,43,50,2,0,5,1,1,0,0,102
увести,pf,11,62,12,2,0,0,0,1,0,88
увидеть,pf,378,1389,303,3,210,9,0,34,0,2326
увидеться,pf,39,5,14,1,0,0,0,0,0,59
увлекаться,ipf,19,35,5,2,4,0,0,0,0,65
увлечь,pf,10,11,11,0,0,0,0,25,0,57
увлечься,pf,2,40,7,0,12,0,0,0,0,61
уводить,ipf,24,32,9,1,0,2,3,0,1,72
уволить,pf,16,29,15,9,0,0,0,17,0,86
угадать,pf,17,36,33,5,6,4,0,6,0,107
угадывать,ipf,13,30,2,1,9,0,0,0,3,58
уговаривать,ipf,18,54,13,0,8,0,2,0,1,96
уговорить,pf,9,51,23,1,1,0,0,2,0,87
угодить,pf,8,53,28,0,0,0,0,0,0,89
угостить,pf,19,26,13,2,0,1,0,1,0,62
угощать,ipf,22,56,11,0,4,0,1,0,0,94
удаваться,ipf,134,136,0,0,0,0,0,0,0,270
удалить,pf,4,3,28,2,2,0,0,21,0,60
удалиться,pf,0,58,2,0,1,0,0,0,0,61
удалять,ipf,41,4,12,1,5,0,2,0,1,66
удаляться,ipf,28,26,4,0,10,0,0,0,0,68
ударить,pf,41,275,42,2,8,6,0,2,0,376
удаться,pf,137,616,1,0,0,0,0,0,0,754
удержать,pf,16,30,50,1,3,1,0,2,0,103
удержаться,pf,10,61,41,0,5,0,0,0,0,117
удерживать,ipf,17,19,12,3,14,0,8,0,2,75
удивить,pf,32,84,20,1,3,3,0,36,0,179
удивиться,pf,15,434,7,0,4,0,0,0,0,460
удивлять,ipf,32,37,13,0,1,0,0,0,0,83
удивляться,ipf,82,106,59,14,26,0,0,0,0,287
удовлетворить,pf,17,20,34,0,1,0,0,31,0,103
удовлетворять,ipf,25,19,15,0,1,1,7,0,0,68
уезжать,ipf,101,95,48,12,20,2,2,0,0,280
уехать,pf,91,441,133,2,5,12,0,0,0,684
ужинать,ipf,7,26,35,0,0,0,0,0,0,68
узнавать,ipf,131,113,47,2,10,0,2,0,0,305
узнать,pf,229,691,320,14,111,5,0,6,0,1376
уйти,pf,205,1067,217,20,15,67,0,0,0,1591
указать,pf,36,107,35,12,18,2,0,151,0,361
указывать,ipf,91,40,19,0,31,1,8,0,1,191
укладывать,ipf,19,22,12,0,6,0,0,0,0,59
украсить,pf,22,21,21,2,2,1,0,62,0,131
украсть,pf,19,103,31,2,1,3,0,33,0,192
украшать,ipf,36,41,8,0,2,2,5,0,1,95
укрепить,pf,11,17,29,0,2,1,0,32,0,92
укреплять,ipf,27,9,15,0,4,0,2,0,0,57
улететь,pf,16,52,13,2,0,3,0,0,0,86
уловить,pf,6,31,25,0,5,0,0,3,0,70
уложить,pf,13,40,31,2,3,0,0,21,0,110
улыбаться,ipf,168,290,48,5,196,0,1,0,0,708
улыбнуться,pf,12,614,21,3,17,0,0,0,0,667
уменьшаться,ipf,44,13,6,0,3,0,0,0,0,66
уменьшить,pf,7,6,28,1,2,0,0,16,0,60
уменьшиться,pf,27,39,1,1,0,0,0,0,0,68
умереть,pf,158,623,120,14,1,43,0,0,0,959
умирать,ipf,138,82,62,3,9,4,24,0,0,322
умолкнуть,pf,1,48,2,0,1,2,0,0,0,54
умолять,ipf,35,34,5,0,4,0,2,0,0,80
унести,pf,11,68,10,2,2,2,0,4,0,99
уничтожать,ipf,34,22,30,0,4,0,11,0,2,103
уничтожить,pf,41,36,78,1,1,2,0,20,0,179
уносить,ipf,25,25,3,2,12,2,0,0,1,70
упасть,pf,65,387,52,5,11,28,0,0,0,548
упереться,pf,4,62,5,1,9,0,0,0,0,81
упираться,ipf,19,32,5,1,17,0,0,0,0,74
упоминать,ipf,12,42,7,0,2,0,0,0,7,70
упомянуть,pf,9,35,32,2,5,0,0,86,0,169
употреблять,ipf,34,22,16,0,3,1,3,0,12,91
упрекать,ipf,10,28,12,1,1,1,2,0,0,55
упустить,pf,18,32,26,0,0,1,0,31,0,108
уронить,pf,4,46,6,1,7,1,0,3,0,68
усадить,pf,5,46,5,2,3,1,0,3,0,65
усвоить,pf,3,28,15,2,3,3,0,5,0,59
усесться,pf,2,82,3,0,7,0,0,0,0,94
усилить,pf,9,15,35,0,2,0,0,9,0,70
услышать,pf,79,456,104,0,84,2,0,22,0,747
усмехаться,ipf,35,22,1,0,22,0,0,0,0,80
усмехнуться,pf,5,337,3,0,10,0,0,0,0,355
успевать,ipf,68,58,1,5,7,2,1,0,0,142
успеть,pf,120,659,60,0,27,34,0,0,0,900
успокаивать,ipf,24,43,13,0,2,0,13,0,0,95
успокоить,pf,10,82,34,8,2,0,0,16,0,152
успокоиться,pf,17,113,34,37,10,0,0,0,0,211
уставать,ipf,29,25,1,0,2,0,2,0,0,59
уставиться,pf,4,94,0,0,9,0,0,0,0,107
устанавливать,ipf,69,14,37,1,3,0,4,0,15,143
устанавливаться,ipf,91,13,5,0,0,0,0,0,0,109
установить,pf,78,101,119,7,15,2,0,301,0,623
устать,pf,8,219,4,0,16,33,0,0,0,280
устраивать,ipf,94,97,37,4,13,1,1,0,0,247
устраиваться,ipf,18,20,4,8,9,0,0,0,0,59
устранить,pf,9,3,31,0,1,0,0,9,0,53
устроить,pf,77,198,86,6,3,3,0,88,0,461
устроиться,pf,11,75,37,0,4,0,0,0,0,127
уступать,ipf,45,17,11,2,27,1,7,0,0,110
уступить,pf,19,49,26,3,10,3,0,0,0,110
утвердить,pf,22,43,17,2,1,2,0,81,0,168
утверждать,ipf,162,90,70,0,13,4,5,0,0,344
утешать,ipf,15,38,13,0,11,0,2,0,0,79
утонуть,pf,17,36,9,0,1,7,0,0,0,70
уточнить,pf,9,44,31,2,5,0,0,5,0,96
утратить,pf,10,42,4,0,5,14,0,60,0,135
ухватить,pf,2,26,17,0,6,1,0,0,0,52
уходить,ipf,337,299,119,53,44,7,48,0,0,907
учесть,pf,21,33,80,34,1,0,0,20,0,189
учитывать,ipf,34,11,91,0,95,0,11,0,10,252
учить,ipf,121,190,105,17,0,2,0,0,0,435
учиться,ipf,157,270,212,33,19,0,0,0,0,691
учредить,pf,9,18,7,0,2,1,0,17,0,54
формировать,ipf,47,11,23,0,3,0,13,0,12,109
формироваться,ipf,68,14,6,0,0,0,0,0,0,88
характеризовать,ipf,36,3,3,0,1,0,34,0,6,83
хвалить,ipf,32,48,7,0,2,0,0,0,0,89
хватать,ipf,314,286,10,12,13,1,1,0,0,637
хвататься,ipf,19,27,6,1,8,0,0,0,0,61
хватить,pf,345,152,9,1,0,2,0,0,0,509
хлопотать,ipf,17,33,11,1,0,2,0,0,0,64
ходить,ipf,497,808,350,35,5,21,6,1,0,1723
хоронить,ipf,25,28,22,0,2,2,0,0,0,79
хранить,ipf,56,60,53,7,5,4,9,0,7,201
храниться,ipf,48,44,6,0,0,0,0,0,0,98
хрипеть,ipf,34,28,1,0,3,1,1,0,0,68
целовать,ipf,55,72,43,6,18,3,1,0,0,198
целоваться,ipf,16,28,26,0,1,0,0,0,0,71
ценить,ipf,54,61,20,1,1,2,2,0,3,144
цитировать,ipf,35,15,10,0,5,0,1,6,6,78
чистить,ipf,20,31,39,4,0,1,4,2,0,101
читать,ipf,383,657,374,109,70,15,21,11,2,1642
чувствовать,ipf,452,612,96,2,157,2,12,0,1,1334
чувствоваться,ipf,33,61,0,0,0,0,0,0,0,94
чуять,ipf,30,22,0,0,9,1,0,0,0,62
шевелить,ipf,6,32,4,1,13,0,1,0,0,57
шевелиться,ipf,19,63,10,3,9,0,0,0,0,104
шептать,ipf,55,91,7,1,4,1,2,0,0,161
шить,ipf,41,32,30,1,0,0,0,10,0,114
шутить,ipf,92,54,38,4,6,1,0,0,0,195
явиться,pf,18,265,33,3,1,0,0,0,0,320
являться,ipf,1680,102,27,1,26,0,0,0,0,1836
